,equilibrium_temperature_[k],orbital_period_[days],orbit_semi-major_axis_[au]),stellar_radius_[solar_radius],insolation_flux_earth
0,,326.03,1.29,19.0,
1,,516.21997,1.53,29.79,
2,,185.84,0.83,11.0,
3,,1765.03890112,2.773069,0.93,
4,,798.5,1.66,1.13,
5,,578.38,1.45,25.92,
6,,993.3,2.6,8.5,
8,,30.3506,0.19,10.64,
9,,452.8,1.333,4.9,
10,,883.0,2.08,4.9,
12,,,84.0,,
14,,,156.0,0.28,
15,,,15.0,0.23,
17,,406.0,0.92,0.2,
18,,,230.0,0.64,
19,,335.10001,0.99,1.41,
20,,269.3,0.87,18.11,
21,,479.1,1.19,22.03,
22,,1078.0,2.1,1.21,
23,,2391.0,3.6,1.21,
24,,14002.0,11.6,1.21,
26,,4.230785,0.0527,1.18,
28,,44.3989,0.2373,0.94,
29,,5574.2,5.957,0.94,
31,,259.88,0.7708,0.94,
32,,934.3,2.11,5.2,
33,,4.215,0.050201,0.96,
34,,38.021,0.2175,0.96,
35,,123.01,0.476,0.96,
36,,735.1,1.758,4.87,
37,,996.0,2.153,4.87,
38,,116.688,0.481,1.89,
39,,691.9,2.1,10.5,
40,,93.4,0.49,10.3,
41,,952.7,2.5,11.0,
42,,181.4,0.7,11.0,
43,,,93.9,2.96,
44,,,260.0,1.0,
48,,481.9,1.3,32.35,
49,,268.94,0.78,0.86,
50,,153.22,0.576,8.95,
51,,137.48,0.539,14.7,
52,,379.63,1.05,71.02,
53,,621.99,2.01,49.0,
54,,578.2,1.3,17.3,
56,,307.88,0.83,0.81,
57,,392.6,1.0,11.0,
58,,733.0,1.7,10.33,
59,,2590.0,4.2,7.6,
60,,265.59,0.78,0.9,
62,,1198.48,2.06,0.8,
63,,723.2,1.48,0.84,
64,,3.8728,0.0428,0.69,
65,,125.94,0.435,0.69,
66,,5.6,0.06,0.71,
67,,237.6,0.68,0.72,
68,,3.48777,0.04,0.91,
69,,1634.0,2.36,0.64,
70,,74.2,0.3,0.64,
71,,714.29999,1.66,19.17,
72,,655.6,1.34,0.69,
76,,,210.0,,
77,,8.9891,,1.88,
86,,5.35227,0.0618,1.19,
92,,1675.0,2.9,1.37,
93,,2.72474,0.0417,1.95,
101,,5.20851,0.0603,1.78,
102,,2.85057,0.0386,0.9,
104,,9.06005,0.0844,0.91,
105,,4.62941,0.0586,2.15,
112,,3.698,0.046,0.86,
113,,8.966,,0.84,
117,,4098.1,5.75,0.42,
118,,246.36,0.36,,
126,,10220.0,8.19,0.01,
128,,6.7987,0.0349,0.28,
129,,28.1656,,0.37,
130,,0.72091,,0.94,
131,,2.13174,,0.55,
133,,3.80464,,1.6,
134,,2.71578,,0.54,
135,,2.0478,0.0296,0.66,
136,,3.96151,,0.63,
137,,4.1698,0.035,0.63,
139,,4.50756,,0.82,
140,,0.911724,,1.1,
141,,14.647531,,1.1,
142,,2.87814,,0.37,
143,,5.2986,,0.5,
144,,0.354884,,0.5,
145,,2.255436,,0.25,
146,,1.58252,,0.67,
147,,17.515472,,0.76,
152,,18.0983,,1.22,
153,,34.885,,0.76,
156,,0.578657,,0.93,
157,,11.811437,,0.93,
160,,0.762406,,0.89,
161,,0.70531,,1.0,
176,,3.204,0.021,0.16,3.8
177,,6.689,0.035,0.16,1.4
178,,13.031,0.054,0.16,0.6
181,,41.38,0.166,0.36,
182,,532.58,0.912,0.36,
183,,389.7,0.5714,0.18,
186,,3.6511,0.026,0.19,
189,,7600.0,5.4,0.38,
190,,5.2354,0.053,0.66,
191,,8.63182,0.0607,0.41,
192,,25.63058,0.1254,0.41,
193,,603.95116,1.0304,0.41,
194,,2288.0,2.41,0.38,
195,,17.133,0.092,0.41,
196,,24.329,0.129,0.41,
197,,106.3,0.309,0.41,
198,,2.38128933,0.034411,2.24,
199,,25533.11353048,16.763449,2.24,
200,,69.971,0.283,0.71,
201,,121.93267601,0.384214,0.46,
202,,579.47494672,1.086215,0.46,
204,,15.819,0.101,0.52,
205,,18.6498,0.091101,0.29,1.06
206,,4.7234,0.036467,0.29,6.66
208,,11.949,0.079,0.47,
210,,1.22003,0.0197,0.5,118.1
211,,5.974,0.057,0.5,13.9
212,,257.8,0.698,0.5,0.1
213,,695.66,1.151,0.43,
214,,6739.323,5.23,0.43,
215,,10.6666864,0.091179,0.93,
216,,4100.0,4.5,0.65,
217,,30.5987,0.14339,0.4,1.07
218,,122.6196,0.36175,0.4,0.17
219,,48.1345,0.19394,0.4,0.59
220,,13.2543,0.08208,0.4,3.34
221,,5.3636,0.03282,0.12,2.58
222,,40.54,0.1264,0.12,0.17
223,,14.207,0.089,0.44,
228,,203.69,0.337,0.14,
229,,1599.6,1.292,0.14,
233,,2.64561,0.0287,0.43,
235,,3.0232,0.026,0.28,
240,,2.64977,0.029,0.49,
241,,13.74,0.089,0.49,
245,,20.129,0.111,0.37,
246,,13.352,0.082,0.41,
247,,7.3705,0.062,0.5,
248,,5094.105,4.819,0.47,
249,,36.059,0.178,0.47,
251,,9.567,0.068,0.46,
255,,8.7076,0.06661,0.5,
256,,5.3686,0.04061,0.33,
257,,12.914,0.0721,0.33,
258,,3.149,0.02815,0.33,
259,,14.628,0.078361,0.31,
260,,598.3,1.135,0.5,
261,,7.2004,0.0505,,
262,,28.14,0.125,,
263,,62.24,0.213,,
264,,39.026,0.156,,
265,,256.2,0.549,,
266,,4.6938,0.039,0.36,
267,,1051.44520601,1.734535,0.69,
268,,13921.42302046,9.67808,0.65,
269,,3.60075682,0.039322,0.65,
270,,35.47357709,0.180707,0.65,
271,,17281.66513958,10.121898,0.46,
272,,17.478,0.08,0.3,
273,,57.32,0.176,0.3,
274,,24.16,0.1344,0.54,
275,,38.142,0.163,0.42,
276,,727.562,1.165,0.42,
279,,3657.0,3.56,0.44,
280,,1915.0,2.409,0.47,
281,,7068.0,4.974,0.47,
282,,15.76491,0.11,0.77,
283,,61.1166,0.208317,0.3,
284,,30.0881,0.12959,0.3,
285,,1.93778,0.020807,0.3,
286,,124.26,0.3343,0.3,
289,,284.39,0.63965,0.39,
290,,771.36,0.88,0.16,
291,,73.94,0.291,0.58,
293,,19240.75467009,12.341073,0.66,
301,,3.052524,0.04047,0.95,
304,,13.8508,0.0905,0.51,
308,,3407.0,4.13,0.68,
316,,5584.0,5.6,0.84,
347,,872.2,1.752,0.95,
419,,3.8297015,0.05046,1.12,
451,,,53.0,1.85,
452,,157.57001,0.68,10.06,
453,,383.70001,1.03,1.04,
454,,5.75969,0.06412,1.11,
455,,16.357,0.12859,1.11,
456,,49.748,0.2699,1.11,
457,,122.744,0.4929,1.11,
458,,604.67,1.427,1.11,
459,,2205.0,3.381,1.11,
460,,70.46,0.3,0.86,
461,,20.8133,0.15,1.23,
462,,4.11377,0.05,0.82,
463,,127.58,0.51,10.3,
464,,778.09998,1.81,9.82,
465,,1123.0,,6.3,
466,,122.1,0.46,0.95,
467,,3090.942,4.074,0.96,
468,,6.4947,0.0807,4.55,
469,,47.84,0.25,0.88,
470,,4.5557,0.0498,0.73,
471,,5.8881,0.07,1.58,
472,,1919.0,3.27,2.22,
473,,120.878,0.439,0.75,
474,,55.806,0.26,0.74,
475,,1032.3,2.01,1.97,
476,,199.505,0.95,11.0,
477,,10.02244605,0.09124,1.27,
478,,77114.07157859,35.747028,1.27,
479,,2412.0,3.38,0.94,
480,,1531.0,2.61,1.1,
481,,1888.0,3.34,2.66,
484,,989.2,2.015,1.1,
485,,3586.86089301,4.496414,0.91,
487,,1075.37989939,2.050268,1.86,
488,,48.056,0.269,1.17,
489,,18.3267,0.1407,1.17,
495,,29.54115,0.1758,0.88,
496,,1129.0,2.0,0.79,
497,,437.7,1.32,5.74,
498,,394.48123,1.04,1.05,
499,,1624.0,2.659,1.09,
500,,68.27,0.33,1.07,
501,,7.8543,0.079,1.29,
502,,30.93,0.196,1.29,
504,,5.239891,0.0615,1.22,
505,,283.8,0.95,11.16,
508,,17132.15854472,12.511098,0.87,
509,,835.477,2.14,20.9,
513,,24469.67342295,16.589764,1.17,
514,,17244.90764393,13.503729,1.47,
515,,1169.13201636,2.147271,0.9,
516,,26472.44622716,17.205919,0.9,
517,,1056.4,2.5,8.03,
518,,825.9,1.82,1.45,
519,,613.2,1.7,39.0,
520,,317.58638571,1.021796,1.5,
521,,5429.93477336,6.82814,1.53,
522,,228.53731482,0.922152,6.78,
523,,663.2,1.24,0.53,
524,,1818.0,2.44,0.53,
525,,610.2,1.6,25.11,
526,,109.75,0.5109,1.49,
527,,937.70001,1.73,0.76,
528,,4000.0,5.34,2.14,
529,,1121.79,2.067,1.47,
530,,493.7,1.16,0.84,
531,,4319.0,4.97,0.84,
532,,32669.2224679,20.331534,1.2,
533,,1613.74017306,2.798425,1.24,
534,,223.95986342,0.749283,1.34,
535,,14723.57452498,12.245208,1.24,
536,,10.49487691,0.088127,0.73,
537,,15319.22517076,11.294908,0.73,
539,,670.0,1.65,4.89,
540,,907.0,,4.6,
541,,2621.75,3.787,1.07,
542,,433.70001,1.09,20.58,
543,,25.8,0.18,1.2,
545,,1945.0,3.16,2.01,
546,,37.91,0.229,2.01,
547,,711.0,1.93,10.09,
548,,2085.10024027,4.332646,9.12,
549,,63.33,0.33,1.07,
550,,4.36304899,0.053918,1.8,
551,,36336.70678753,22.187701,1.8,
552,,84.96275604,0.406294,2.17,
553,,270.66,0.86,1.3,
554,,58.83,0.297,1.0,
555,,14901.99295308,10.780317,0.75,
556,,1757.39150946,3.49516,6.47,
557,,9.6737,0.08,0.74,
558,,557.69994314,1.348279,1.07,
559,,4.15466389,0.051386,1.05,
560,,2822.726978,3.979432,1.05,
561,,133.60001,0.54,11.02,
562,,960.41,1.837,0.98,
563,,262.70862,0.84,1.2,
564,,1708.0,2.8145,1.11,
565,,1257.25302691,2.248182,1.37,
566,,65.78395386,0.287149,0.74,
567,,453.019,1.084,0.76,
568,,921.538,1.74,0.76,
569,,298.2,0.87,0.85,
570,,1840.0,2.9,1.18,
572,,896.0,2.01,4.44,
573,,2613.0,4.1,2.39,
574,,471.60001,1.25,38.41,
575,,974.0,1.98,1.34,
576,,1544.0,2.62,1.3,
577,,649.0,1.44,0.96,
578,,3568.0,4.49,0.96,
579,,5769.0,6.15,0.99,
580,,3.2696,0.0444,1.16,
581,,1291.5646,2.3928,1.16,
582,,258.17999,0.81,1.22,
583,,5000.0,5.8,1.25,
584,,2422.32596749,4.183784,3.93,
585,,1187.5976527,2.325263,1.68,
589,,464.29999,1.29,3.78,
590,,4540.0,5.13,1.19,
591,,142.22894586,0.534309,1.04,
592,,330.0,0.89,0.88,
595,,14.1815,0.10519,0.78,
596,,53.753,0.2554,0.78,
597,,19.382,0.154,1.67,
598,,931.0,2.03,1.67,
599,,4218.0,5.15,1.25,
600,,1124.79139251,2.948979,11.47,
602,,2721.2347924,5.250541,12.4,
603,,9.02377598,0.084501,0.95,
604,,7417.50547213,7.343138,0.95,
605,,15.5083,0.1238,1.39,
606,,94.44,0.415,1.39,
607,,201.99,0.689,1.39,
608,,1069.8,2.09,1.39,
609,,5000.0,5.0,1.39,
610,,653.21997,1.5,1.03,
611,,108.45298959,0.474065,1.41,
612,,351.43394308,1.038376,1.47,
613,,10159.64279484,9.815941,1.47,
614,,1928.0,2.93,1.04,
615,,1299.0,2.78,4.63,
616,,386.29999,1.06,1.04,
617,,2.1974,0.0379,1.65,
618,,1039.15,1.988,0.92,
619,,40.43913587,0.242129,1.65,
620,,103.95,0.45,1.05,
621,,176.3,0.76,10.52,
622,,15732.45889178,11.938641,1.0,
623,,2751.53433458,4.888326,6.93,
624,,5.77152,0.0634,1.15,
625,,13.5052,0.1117,1.15,
626,,44.236,0.2388,0.94,
627,,1008.0,1.922,0.94,
628,,86.78,0.323,0.63,
629,,528.4,1.32,0.98,
630,,676.6,1.7,5.01,
631,,116.596,0.522,2.29,
632,,491.54,1.36,2.29,
633,,1027.0,2.45,1.21,
634,,328.55,0.993,1.34,
635,,5062.0,6.15,1.34,
636,,331.5,1.04,3.86,
638,,4.07182,0.053,1.44,
639,,16521.52777877,12.278296,0.89,
640,,562.0,1.4,16.2,
641,,428.5,1.262,4.67,
642,,5894.0,6.7,0.96,
643,,21.89287913,0.159926,1.17,
644,,18144.7623572,14.10056,1.17,
645,,2918.92,4.187,1.13,
646,,686.5,1.66,5.14,
647,,11.6264,0.1053,1.43,255.7
651,,7.29902668,0.068049,0.75,
652,,15.27017677,0.111312,0.75,
653,,40654.64809444,21.349779,0.75,
654,,499.39999,1.28,1.28,
655,,18.56,0.134,0.95,
656,,3341.55884,4.21,0.85,
657,,163.94,0.6,1.32,
658,,408.60001,1.29,2.3,
659,,3452.0,5.36,1.76,
660,,352.65,1.04,1.76,
661,,818.8,2.0,5.03,
662,,194.3,0.63,1.38,
663,,391.9,1.02,1.38,
664,,1.87567261,0.030046,1.02,
665,,17202.19446178,13.125939,1.02,
666,,21.85848995,0.166479,2.76,
667,,7841.58389773,8.301568,2.76,
668,,133.40355381,0.501896,0.95,
669,,4818.25358194,5.484633,0.97,
670,,842.2,1.88,2.16,
671,,4.6455,0.05,0.72,
672,,811.3,1.57,0.77,
673,,359.51001,1.12,1.9,
674,,521.0,1.5,4.5,
676,,3.432,,1.21,
677,,5.1980814,,1.21,
678,,7.951,,1.21,
679,,12.028,,1.21,
680,,820.2,2.1,50.3,
681,,12.62,0.11,1.12,
682,,248.4,0.8,1.12,
683,,1184.1,2.32,2.13,
684,,351.0,1.032,2.13,
685,,577.2,1.492,3.49,
686,,2149.0,3.584,3.49,
687,,645.0,1.5,1.33,
688,,3947.0,4.17,1.33,
690,,307.9,0.934,1.33,
691,,279.3,0.85,10.95,
692,,75.523,0.36,1.48,
693,,990.0,2.12,1.72,
695,,75.2203,0.362,1.76,
696,,1272.0,2.39,1.76,
697,,17.24,0.14,1.64,
698,,280.17,0.87,1.11,
699,,40.0,0.23,1.02,
700,,641.472,1.331,0.77,
703,,12.458,0.103,0.95,
704,,41.763,0.2292,1.0,
705,,434.5,1.13,0.95,
706,,270.0,0.94,1.93,
707,,5144.0,5.42,0.8,
708,,420.77,1.32,4.3,
709,,20.6532,0.1512,9.7,
710,,15.1479,0.1192,1.21,
711,,58.11187301,0.292241,1.71,
712,,1753.10959642,2.840843,1.71,
714,,14773.93271605,10.932103,0.78,
715,,533.0,1.36,21.66,
716,,6707.49126331,6.469422,0.77,
718,,1818.82339336,3.073402,1.94,
719,,1145.0,2.24,1.24,
720,,359.89999,1.31,13.58,
721,,550.0,1.32,2.47,
722,,1532.0,2.57,1.01,
724,,323.6,1.16,13.5,
725,,582.0,1.7,26.6,
726,,1276.07604009,2.306105,1.75,
727,,298.43,0.975,4.19,
728,,29.01,,0.7,
729,,623.8,1.42,1.18,
730,,6.4898,0.06296,0.78,83.5
731,,16.8191,0.11878,0.78,23.5
732,,44.505,0.246,0.97,
733,,410.10001,1.14,3.26,
734,,110.9,0.5137,2.62,
735,,71.484,0.34,1.08,
736,,14.479,0.1214,1.63,
737,,3.092514,0.0443,1.27,
738,,213.72,0.843,4.06,
739,,2278.0,3.87,3.13,
740,,396.03,1.46,8.13,
741,,105.911,0.343,0.48,
742,,510.9,1.4,4.16,
743,,7593.40511644,7.420228,1.06,
744,,564.1,1.592,4.71,
745,,10.28510117,0.087639,0.87,
746,,28982.41764205,17.521435,0.87,
747,,9.3743,0.08,0.79,
748,,962.0,1.76,0.81,
749,,2172.0,3.0,0.81,
750,,956.0,1.85,1.5,
751,,624.87403922,1.459291,1.23,
752,,4667.97840705,5.581571,1.29,
754,,286.6,0.94,4.86,
755,,484.3,1.334,4.86,
756,,836.4,1.92,4.86,
757,,6.83776,0.077,2.0,
759,,1019.74,2.1,1.27,
760,,3.0965828,0.0426,1.15,
761,,3810.0,4.89,1.15,
762,,766.0,1.82,5.13,
763,,461.2,1.203,1.13,
764,,14583.81038324,11.958319,1.94,
765,,14.288,0.111,1.04,
766,,33.688,0.197,1.04,
768,,11.72,0.092,0.79,
769,,1143.59857585,2.405224,2.59,
771,,17.111,0.1304,1.17,
772,,1176.45,2.231,1.38,
773,,4885.0,5.5,1.53,
774,,1603.38923493,2.746858,1.4,
784,,340.94,1.063,4.41,
785,,13092.18347776,11.043187,1.15,
786,,18.20132,0.14,1.48,
787,,1378.0,2.51,1.42,
788,,3638.0,5.02,1.73,
789,,402.0,1.1,32.3,
790,,1333.0,2.37,1.31,
791,,1035.7,2.07,1.1,
792,,99.62167078,0.425988,0.92,
793,,466.2,1.305,1.8,
794,,11.8482,0.0974,0.92,
795,,33.9239,0.1964,0.92,
796,,606.3,1.565,4.92,
797,,852.5,1.96,4.92,
798,,1260.0,2.41,1.04,
799,,517.8,1.566,6.43,
800,,946.6,2.342,6.43,
804,,512.53519584,1.768964,10.59,
805,,2481.07226962,5.068253,10.59,
806,,1552.9,2.73,1.33,
807,,1120.0,2.2,1.19,
808,,2041.11538546,3.183074,1.1,
809,,34.95875432,0.211213,1.13,
810,,7325.64666214,7.444845,1.13,
811,,1733.0,2.55,0.78,
812,,25.33798092,0.177326,1.88,
813,,279.8,0.896,1.33,
814,,96.045,0.461,2.22,
815,,673.2,1.74,6.12,
818,,5.3135,0.0529,0.83,
819,,13.8905,0.1004,0.83,
820,,29.158,0.1647,0.83,
821,,85.5073,0.3374,0.83,
822,,597.0643,1.3649,1.13,
823,,160.07,0.586,0.89,
824,,1155.7,2.112,0.9,
829,,147.02,0.509,0.92,
830,,130.08,0.524,1.2,
831,,875.5,2.1,51.1,
832,,380.85001,0.95,0.76,
833,,352.7,1.05,4.98,
835,,649.918,1.487,1.06,
836,,442.19,1.13,1.07,
837,,354.1,1.148,4.92,
839,,1558.0,2.656,1.13,
840,,25.201,0.143,0.57,
841,,2.24571,0.03,1.16,
842,,380.7,1.19,5.27,
843,,882.70001,1.89,1.51,
844,,17000.0,13.0,1.43,
845,,11.12214173,0.099068,1.08,
848,,84.288,0.362,0.83,
849,,1854.84423702,3.078036,2.04,
850,,5.75999,0.057638,0.73,
851,,7.28243,0.067393,0.73,
852,,10.86499,0.08799,0.73,
853,,25.1967,0.15417,0.73,
854,,3.93404,0.05,0.85,
855,,567.94,1.282,0.9,
856,,1311.0,2.56,1.8,
857,,1334.28,2.497,1.39,
858,,35.45,0.198,0.76,
859,,154.43,0.528,0.76,
860,,148.60001,0.61,9.83,
861,,118.45,0.46,0.93,
862,,22.6786,0.1455,0.91,
863,,53.7357,0.2586,0.91,
864,,7.12682,0.08,1.11,
865,,4270.0,5.32,1.2,
867,,1301.36009179,2.44502,1.27,
868,,2.52220686,0.037863,1.34,
869,,3501.3,4.56,1.21,
870,,2560.19774386,3.748429,1.33,
871,,225.7,0.69,0.85,
872,,5478.68860928,5.935698,1.91,
877,,94.2,0.3753,0.77,
878,,2247.0,3.11,0.77,
879,,275.5,0.94,11.22,
880,,2093.3,3.2,2.9,
882,,3.83482856,0.048559,1.56,
883,,4789.87297306,5.657321,1.61,
884,,672.09998,1.6,54.92,
885,,1728.0,2.729,0.98,
886,,2266.4,3.396,1.07,
887,,3724.7,4.94,1.68,
888,,218.47,0.74,1.42,
889,,456.1,1.25,1.14,
891,,8615.41549088,8.416586,1.95,
892,,1173.0,2.306,1.85,
893,,871.0,1.83,4.1,
894,,3999.0,5.14,1.85,
895,,572.38,1.34,1.13,
896,,1202.05198926,2.373375,1.54,
897,,26.6904,0.191,1.93,
899,,872.6,1.9,5.69,
900,,528.07,1.167,0.74,
901,,730.59998,1.6,1.07,
902,,1211.17,2.37,1.49,
903,,141.63,0.567,1.53,
904,,192.0,0.747,10.9,
905,,2058.0,2.827,0.68,
911,,1535.11912389,2.692222,1.53,
913,,4100.0,5.7,12.73,
914,,501.75,1.16,25.46,
915,,745.70001,1.92,71.23,
916,,3668.0,4.92,1.3,
917,,515.4,1.3,1.39,
918,,535.59998,1.29,40.0,
919,,2.0455,0.034,1.41,
920,,6134.4269993,6.245213,0.83,
921,,1802.29,2.971,1.23,
922,,457.01,1.49,13.76,
923,,41.83156448,0.241872,1.0,
924,,26308.65618751,17.779459,1.0,
927,,32000.0,20.4,1.46,
928,,3.4442,0.04,0.94,
930,,42.378,,0.87,
931,,428.1,1.271,3.18,
932,,2198.14,3.242,0.92,
933,,18.01938802,0.125367,0.89,
934,,36.07,0.198,0.89,
935,,5019.54243994,5.359964,0.89,
940,,385.52775151,1.034659,1.03,
941,,17417.92078705,13.109497,1.03,
942,,14.23283446,0.117885,1.07,
943,,1116.0,2.15,1.48,
944,,6.0881,0.06,0.69,
946,,380.2,1.18,6.48,
947,,1362.3,2.28,0.85,
948,,2443.0,3.43,0.95,
949,,892.7,1.913,4.5,
950,,311.60001,1.23,10.76,
951,,20608.14048834,13.283797,0.57,
952,,2514.53421506,3.603011,1.02,
953,,12085.45185585,10.273072,1.18,
954,,1157.0,2.34,1.61,
955,,1684.0,2.69,0.91,
956,,847.0,1.85,4.4,
957,,466.0,1.26,1.75,
958,,16.5535,0.1254,1.07,
959,,51.2053,0.2663,1.07,
960,,271.6737,0.8098,1.07,
965,,157.54,0.59,10.22,
966,,2372.0,3.41,1.11,
968,,621.62,1.44,1.11,
969,,330.0,1.074,4.17,
970,,810.2,1.955,4.17,
971,,89.9,0.452,4.17,
973,,18.1991,0.1508,1.97,
974,,388.0,1.1,1.44,
975,,551.40002,1.6,5.39,
976,,916.0,2.24,5.29,
977,,1049.0,2.07,1.38,
978,,214.67,0.7181,1.38,
979,,117.87,0.4817,1.38,
980,,49.175,0.2687,1.38,
981,,676.8,1.543,1.38,
982,,5700.0,6.36,1.38,
983,,82.467,0.389,1.76,
984,,273.1,0.98,10.86,
985,,62.25,0.295,0.87,
986,,154.378,0.53364,0.95,
987,,885.5,1.71,0.95,
988,,1862.0,2.807,0.95,
989,,55.01292,0.277,0.91,
990,,2720.0,3.74,0.91,
991,,1211.0,2.108,0.83,
992,,363.20001,1.02,1.49,
993,,14.30990015,0.114551,2.86,
994,,2127.60565656,3.224617,2.86,
995,,685.25,1.623,2.03,
996,,2088.75851193,3.309065,1.19,
997,,5.6368,0.056,0.78,
998,,14.03,0.103,0.78,
999,,33.91,0.185,0.78,
1000,,3.2498,0.041,0.74,
1006,,578.6,1.4,8.56,
1007,,264.14999,0.85,1.21,
1008,,963.0,,0.85,
1009,,1.3283,,1.04,
1010,,526.5239037,1.28031,1.08,
1011,,857.5,1.67,0.82,
1012,,431.88,1.17,1.42,
1013,,6700.0,6.95,1.5,
1014,,832.97,1.662,0.85,
1016,,15.56,0.12,1.02,
1017,,356.21,1.157,5.14,
1018,,308.92072284,0.881867,1.0,
1019,,9295.97349931,8.556456,1.0,
1020,,36.9987,0.238,1.6,
1021,,472.3,1.19,1.32,
1022,,5.8854,0.0644,1.08,
1023,,13.1354,0.11,1.08,
1024,,963.6,1.92,1.26,
1025,,225.79,0.6793,0.89,
1026,,345.43,0.902,0.89,
1027,,44.073,0.237,0.94,
1028,,20324.5815254,15.443431,1.28,
1029,,3.023573,0.0398,0.91,
1030,,4.0845,0.05,1.08,
1031,,1353.6,2.395,1.08,
1032,,360.2,1.19,5.4,
1033,,2732.0,4.6,5.4,
1034,,359.15,1.28,6.2,
1035,,682.85,1.97,6.2,
1036,,712.13,1.93,23.47,
1037,,434.0,1.14,42.4,
1038,,778.51,1.814,1.9,
1039,,400.5,1.167,5.01,
1040,,4.94737,0.06,1.02,
1041,,2447.1,3.833,1.35,
1042,,8619.9,9.02,1.42,
1043,,1293.0,2.353,1.02,
1044,,14.0726,0.1059,0.92,
1045,,95.9446,0.3809,0.92,
1048,,40.87,0.2416,1.19,
1049,,637.1,1.57,4.06,
1050,,872.2,1.93,4.06,
1051,,1827.0,3.18,1.52,
1052,,139.35,0.53,9.09,
1053,,779.9,1.911,5.14,
1054,,492.3,1.2,1.01,
1056,,5859.089924,6.431189,1.78,
1057,,177.11,0.64,10.64,
1058,,299.36,1.086,13.2,
1059,,495.4,1.5,27.0,
1060,,201.9,0.77,2.57,
1061,,600.1,1.6,2.57,
1062,,27399.80246717,18.992328,1.44,
1063,,74839.94554588,36.876426,1.44,
1064,,589.64,1.64,8.9,
1065,,14306.8851878,11.786592,1.23,
1068,,2.81805,0.04,0.77,
1069,,358.0,0.94,0.83,
1072,,45.791,0.246,0.88,
1073,,623.0,1.51,5.44,
1074,,21.998,0.14,1.12,
1075,,577.6,1.301,0.88,
1076,,5370.0,5.75,0.89,
1077,,480.5,1.2,21.4,
1078,,2269.81725722,3.39291,1.13,
1079,,10478.84436542,9.418207,1.17,
1080,,352.2,1.08,1.55,
1081,,2374.0,3.86,1.55,
1082,,2496.0,3.55,0.95,
1083,,1103.0,2.18,1.02,
1084,,6.27711,0.07,1.19,
1085,,16000.0,13.2,1.26,
1086,,1193.3,2.482,7.72,
1087,,8.667,0.0785,0.89,
1088,,31.56,0.186,0.89,
1089,,197.0,0.63,0.89,
1090,,851.8,1.76,0.98,
1091,,2124.54,3.318,0.98,
1092,,615.0,1.36,0.97,
1093,,858.0,1.88,4.96,
1094,,3549.39853518,4.689125,1.46,
1095,,18207.72098165,13.940621,1.46,
1096,,39.44603442,0.227825,1.22,
1097,,1257.99159045,2.227469,0.91,
1098,,17071.78044733,12.621165,0.96,
1099,,188.3,0.65,1.53,
1100,,379.1,1.03,1.53,
1101,,1750.0,2.99,2.58,
1104,,51.63563941,0.280148,1.51,
1105,,2448.48726302,3.676463,1.51,
1106,,1270.55194905,2.43855,0.97,
1108,,341.2,1.032,3.4,
1109,,7900.0,8.4,3.4,
1110,,422.9,1.191,1.58,
1111,,3.97097,0.05,1.37,
1112,,415.4,1.149,7.47,
1113,,5.7361,0.06,0.97,
1114,,273.1,0.9,11.06,
1118,,1807.0,2.98,1.05,
1121,,136.75,0.68,12.0,
1122,,385.2,1.18,11.22,
1123,,1276.46,2.51329,1.56,
1124,,241.258,0.827774,1.56,
1125,,4.617033,0.059222,1.56,
1126,,305.5,1.17,26.8,
1127,,49.41,0.243,0.83,
1128,,20.0,0.133,0.83,
1129,,636.13,1.334,0.83,
1130,,162.87,0.538,0.83,
1131,,3.3124568,0.049,1.43,
1134,,3117.0,4.43,1.26,
1135,,124.64,,1.19,
1137,,1630.0,3.9,14.1,
1138,,187.83,0.83,10.5,
1139,,277.02,1.1,12.3,
1140,,3184.83,5.931,14.6,
1141,,530.21,1.79,14.6,
1142,,417.0,1.25,5.81,
1143,,,242.4,5.6,
1144,,357.8,1.1,11.4,
1145,,1247.9,2.76,4.71,
1147,,25000.0,19.4,11.79,
1148,,510.8544,1.453,11.79,
1149,,428.5,1.19,31.88,
1150,,555.1,1.32,11.2,
1151,,964.6,2.17,11.1,
1152,,415.2,1.24,11.1,
1153,,903.3,2.05,4.9,
1154,,594.9,1.93,13.7,
1155,,16510.0,11.55,0.78,
1156,,2671.0,3.53,0.76,
1157,,417.9,1.3,21.0,
1158,,522.3,1.4,38.3,
1159,,1192.77951035,2.680483,2.01,
1161,,605.2,1.7,47.2,
1162,,1790000.0,556.0,,
1163,,628.96,1.46,45.1,
1164,,380.8,1.2,13.9,
1168,,,115.0,1.19,
1174,,120.8,0.4756,1.02,
1175,,18.157,0.13,1.0,
1180,,217.21,0.47,0.31,0.06
1181,,17.8719,0.089,0.31,1.3
1182,,4.8869,0.0375,0.31,7.34
1195,,2.00839,0.0335,1.35,
1210,,4323.0,5.28,0.99,
1240,,2840.0,3.73,0.8,
1247,,0.7895933,0.01673,1.14,4895.0
1248,,9.03055,0.085,1.14,190.0
1291,,2.1558,0.035,1.23,
1343,,7.63,,1.27,
1355,,3.77840121,,0.86,
1357,,1088.0,,0.67,
1367,,,102.0,,
1368,,4.927,0.057,2.0,
1373,,1170.0,1.7,0.23,
1374,,1916.25,2.8,,
1375,,5840.0,5.9,,
1378,,,670.0,0.35,
1379,,,4.18,,
1385,,11.409,0.0443,0.11,0.37
1386,,4.91,0.0252,0.11,1.15
1388,,,162.0,0.95,
1389,,101.54,0.422,16.21,
1391,,562.0,1.414,5.9,
1392,,691.9,1.22,0.5,
1393,,559.3,1.37,6.85,
1394,,198.4,0.69,6.85,
1395,,193.2,0.66,9.99,
1406,,10.15643,0.0847,1.02,
1435,,77.23,0.3274,0.85,
1436,,25.62,0.1569,0.85,
1451,,61.3,,0.68,
1452,,26.233,,0.68,
1453,,6.6356,,0.68,
1526,,24.6744,0.15544,0.79,
1569,,389.2,,0.82,
1576,,502.0,,1.07,
1588,,16.066,,0.91,
1599,,443.0,,1.01,
1624,,39.5387,,0.97,
1629,,4.17278,,0.97,
1640,,200.452,0.90281,1.38,
1641,,,0.94,1.42,
1642,,10.79,0.0968,1.17,
1643,,4.2,0.055,1.18,
1644,,1.796,0.03,1.45,
1645,,,,1.1,
1646,,10.77,0.05366,0.21,
1647,,,1100.0,0.56,
1649,,4343.5,5.3,0.19,
1651,,,210.0,1.07,
1663,,4850.0,5.5,0.83,
1664,,2.1461,0.03176,0.83,
1665,,4.4264,0.06,1.15,
1666,,0.322964,0.0102,,
1667,,0.09070629,0.0044,,
1668,,,23.0,,
1669,,98.2114,0.46,,
1670,,66.5419,0.36,,
1671,,25.262,0.19,,
1672,,10140.0,10.26,,
1673,,3.1606296,0.03734,0.59,
1687,,,2.7,,
1688,,,3.2,,
1689,,,3.4,,
1690,,,1.9,,
1691,,,2.65,,
1692,,,2.77,,
1693,,,3.29,,
1694,,,2.18,,
1695,,,1.23,,
1696,,,2.8,,
1697,,,2.8,,
1698,,,3.3,,
1699,,,4.51,,
1700,,,1.54,,
1701,,,0.8,,
1702,,,1.8,,
1703,,,2.0,,
1704,,,3.59,,
1705,,5480.0,5.0,,
1706,,,0.63,,
1707,,,0.97,,
1708,,,2.72,,
1709,,,1.064,,
1710,,,2.2,,
1711,,,3.0,,
1712,,,1.8,,
1713,,,1.75,,
1714,,,2.41,,
1715,,,0.59,,
1716,,,1.18,,
1717,,,3.04,,
1718,,,1.02,,
1719,,,2.73,,
1720,,,3.92,,
1721,,,4.06,,
1722,,,1.8,,
1723,,,3.5,,
1724,,,2.424,,
1725,,,3.913,,
1726,,,3.4,,
1727,,,1.16,,
1728,,1220.0,2.17,,
1729,,,2.13,,
1730,,,1.7,,
1731,,,6.4,,
1732,,,5.4,,
1733,,,0.85,,
1734,,,2.62,,
1735,,,2.07,,
1736,,,2.7,,
1737,,,1.6,,
1738,,,0.73,,
1739,,,1.75,,
1740,,,1.7,,
1741,,,1.5,,
1742,,,4.53,,
1743,,,3.49,,
1744,,,3.11,,
1745,,,1.8,,
1746,,,2.6,,
1747,,,0.39,,
1748,,,0.702,,
1749,,,3.6,,
1750,,,0.8,,
1751,,,2.6,,
1752,,,4.43,,
1753,,,1.6,,
1754,,,0.74,,
1755,,,3.45,,
1756,,,0.87,,
1757,,,4.8,,
1758,,,4.0,,
1759,,,1.89,,
1760,,,2.72,,
1761,,,8.0,,
1762,,,1.7,,
1763,,,15.0,,
1764,,,2.8,,
1765,,2557.0,2.59,,
1766,,,2.17,,
1770,,,3.5,,
1772,,,4.3,,
1773,,8799.0,,0.15,
1774,,3160.0,3.3,0.15,
1775,,3225.0,3.12,0.19,
1776,,2883.5,3.43,,
1777,,5573.55,5.35,,
1800,,4.087,,1.22,
1801,,5.118,,0.89,
1802,,6.959,,0.99,
1803,,511.21,,21.02,
1804,,121.71,0.53,39.59,
1805,,760.0,1.613,,
1806,,,0.48,,
1807,,,8.3,,
1808,,,1.11,,
1809,,,,,
1810,,,0.95,,
1811,,,1.39,,
1812,,,0.24,,
1813,,,0.93,,
1814,,,3.03,,
1815,,,0.9,,
1816,,,10.2,,
1817,,,4.3,,
1818,,3000.0,1.1,,
1819,,,0.69,,
1820,,,0.95,,
1821,,,4.14,,
1822,,,2.0,,
1823,,,1.72,,
1824,,,0.92,,
1825,,,2.42,,
1826,,,1.21,,
1827,,1980.0,1.8,,
1828,,,2.03,,
1829,,2800.0,3.2,,
1830,,,2.7,,
1831,,,1.1,,
1833,,,0.62,,
1836,,3.91405,0.0464,0.82,
1837,,,18.6,1.61,
1838,,,14.7,1.61,
1844,,14.4399,0.0876,0.43,
1896,,789.0,,0.98,
1934,,820.3,,0.76,
1947,,1460.0,,0.92,
2011,,1403.0,,0.9,
2085,,75.732,0.3395,0.9,
2193,,6383.7835217,6.497354,0.81,
2194,,10839.83340606,9.88693,1.65,
2195,,1005.98853873,1.988479,0.91,
2196,,184.02,0.81,13.0,
2197,,1021.20159246,3.233953,83.8,
2198,,622.97801866,2.324089,109.46,
2199,,705.0,1.58,5.26,
2200,,441.47,1.18306,1.18,
2201,,220.078,0.74345,1.18,
2202,,158.991,0.533,0.78,
2203,,2.985628,0.0406,0.94,
2204,,8241.0,8.0,0.94,
2205,,1313.0,2.45,1.19,
2206,,799.52,1.373,0.8,
2208,,227.0,0.76,1.38,
2209,,25775.78858607,16.107189,0.78,
2210,,2.1378431,0.0346,1.46,
2213,,1488.79122664,2.762119,1.88,
2214,,1644.6909652,2.965265,1.5,
2215,,1270.0,2.72,8.8,
2216,,13.481,0.117,1.55,
2217,,3309.22117629,4.051612,0.8,
2218,,18538.79292976,13.912743,1.03,
2219,,3.414884,0.0479,2.2,
2220,,2166.0,3.27,1.1,
2222,,256.78,0.917,2.13,
2223,,49.77,0.25,0.92,
2224,,1179.0,2.2,1.67,
2225,,325.803,0.97,1.14,
2226,,11611.2975,10.5,1.14,
2227,,143.58,0.477,0.85,
2228,,2.45946479,0.034915,0.91,
2229,,14010.29409878,11.342789,0.91,
2230,,7.3426,0.0756,1.18,
2231,,13.18,0.112,1.18,
2232,,45.85,0.2565,1.18,
2235,,30.052,0.189,1.0,
2236,,192.9,0.654,1.0,
2237,,1576.0,2.74,4.2,
2239,,464.4,1.36,5.08,
2240,,1785.0,3.33,5.08,
2241,,482.0,1.28,41.01,
2244,,2946.0,2.94,0.37,
2245,,4375.0,5.15,0.84,
2246,,362.5,1.11,4.75,
2247,,647.29999,1.42,51.1,
2248,,498.04,1.332,1.94,
2249,,8.1245,0.0777,1.16,
2250,,19.88,0.141,1.16,
2251,,103.5,0.424,1.16,
2252,,514.0,1.24,7.43,
2253,,6449.08337344,6.91483,1.26,
2254,,,130.0,2.25,
2256,,433.8,1.26,4.6,
2257,,5697.30430313,6.29367,1.01,
2258,,968.8,1.864,0.93,
2259,,439.29999,1.11,0.98,
2260,,310.4,1.08,11.21,
2261,,17.0431,0.12,0.83,
2262,,841.0,1.98,5.52,
2263,,1278.0,,5.4,
2264,,184.2,0.81,10.31,
2265,,55.199,0.243,0.51,
2266,,144.3,0.72,11.6,
2267,,499.48,1.134,0.83,
2268,,232.08,0.706,0.97,
2269,,1481.6,2.84,5.27,
2271,,57.435,0.25,0.65,
2272,,6.673892,0.0696,1.07,
2273,,147.747,0.549,1.07,
2274,,981.8,1.94,1.07,
2275,,50.65905263,0.234337,0.77,
2276,,17128.35283777,11.460432,0.77,
2278,,159.986,0.492,0.62,
2279,,41.516,0.217,0.77,
2280,,26125.56497309,16.015432,0.7,
2281,,60.722,0.256,0.63,
2282,,3477.768,3.805,0.63,
2285,,1114.0,,1.34,
2286,,131.0,,1.34,
2287,,1084.0,,1.34,
2288,,34.15,0.176,0.6,
2289,,17.818,0.112,0.6,
2290,,345.72,0.89,0.75,
2291,,9017.76,7.7,0.75,
2292,,7.76,0.063,0.56,
2293,,15.144,0.099,0.56,
2294,,5138.43726957,5.055931,0.72,
2295,,2675.57602947,4.550828,4.93,
2296,,8.1352,0.07,0.78,
2297,,32.03,0.178,0.68,
2298,,431.7,1.01,0.68,
2299,,30.014,0.17,0.75,
2300,,124.6,0.565,10.28,
2302,,28.125,0.177,0.95,
2303,,67.3,0.316,0.95,
2305,,1079.55726024,2.79266,8.93,
2307,,2523.64713301,4.818835,8.69,
2308,,88.87622241,0.482387,5.87,
2309,,3923.66089514,6.032077,5.87,
2310,,17337.5,20.25,0.63,
2311,,87.19,0.335,0.68,
2312,,822.3,2.1,5.77,
2314,,926.4,2.02,4.53,
2317,,111.7,0.36,0.48,
2318,,1852.14387204,3.736626,7.83,
2319,,2.224,0.031,,
2320,,455.738155,1.359652,3.94,
2321,,5.0505,0.06,0.89,
2323,,24955.45756484,14.91853,0.69,
2326,,1062.26505974,2.490819,5.34,
2327,,,773.0,1.01,
2330,,302.79999,0.92,1.13,
2338,,2390.0,3.6,,
2339,,4368.0,5.4,,
2340,,734.0,2.038,10.27,
2344,,9.915615,,0.71,
2352,,15.6785,0.1166,1.25,
2356,,4.655411,0.048,0.67,78.6
2359,,50.92092,0.245,0.73,4.3
2362,,9.562742,0.078,0.67,35.1
2367,,21.750264,0.121,0.4,2.0
2370,,5.675819,0.056,0.78,68.8
2371,,8.239493,0.057,0.36,4.5
2373,,2.49412,0.032,0.74,136.4
2376,,3.07133,0.03194,0.46,
2377,,4.86784,0.04341,0.46,
2378,,11.02454,0.07487,0.46,
2394,,7.7485,,0.68,
2396,,4.00498,0.0327,0.33,
2397,,0.961918,0.0159,0.31,200.1
2398,,4.38395,0.0454,0.63,48.8
2399,,6.9226,0.0616,0.63,26.5
2400,,9.7579,0.0774,0.63,16.8
2401,,11.332,0.083,0.57,7.0
2403,,10.59357,0.0727,0.44,4.9
2413,,0.365261,,0.88,
2419,,3.705871,,0.91,
2420,,9.283188,,2.57,
2422,,6.673117,,0.76,
2423,,17.355066,,2.2,
2424,,2.354992,,0.8,
2425,,4.382745,,0.8,
2430,,2.369172,0.03376,0.98,
2434,,14.316941,,0.87,
2435,,29.62682,,0.87,
2436,,5.868699,,0.84,
2438,,9.525988,,1.42,
2439,,5.329439,,0.86,
2440,,14.155185,,1.21,
2441,,8.747818,,0.89,
2442,,5.172191,,0.77,
2448,,0.469285,,0.87,
2454,,41.474219,,0.98,
2466,,10.098858,,0.91,
2467,,21.574023,,0.91,
2468,,2.858646,,0.84,
2471,,39.721386,,1.28,
2473,,28.482786,,0.91,
2474,,48.324222,,1.54,
2481,,2.849883,,0.79,
2482,,1.05979,,0.88,
2483,,22.779878,,0.88,
2484,,3.405164,,0.91,
2485,,9.695101,,0.76,
2486,,7.055784,,1.18,
2487,,26.672263,,1.08,
2488,,18.294549,,0.76,
2489,,12.48749,,0.93,
2490,,4.190948,,0.86,
2491,,2.080615,,0.71,
2494,,0.57023,,0.89,
2495,,0.669532,,0.79,
2497,,8.13087,,1.2,
2499,,8.269648,,0.97,
2501,,14.074524,,1.33,
2502,,8.679885,,1.01,
2503,,3.901287,,1.19,
2504,,6.66767,,1.19,
2505,,11.137278,,1.19,
2508,,2.399094,,0.95,
2516,,13.621832,,0.89,
2521,,13.841901,,0.95,
2610,,1.25785,0.022,0.78,1272.0
2670,,23.448172,,1.05,
2671,,15.937039,,0.94,
2672,,20.645099,,0.62,
2673,,5.025598,,0.66,
2674,,9.660186,,0.66,
2675,,20.201085,,0.66,
2676,,5.761612,,0.88,
2682,,9.844077,,0.92,
2683,,11.02066,,1.49,
2684,,4.521953,,0.91,
2685,,16.43445,,0.91,
2686,,14.453895,,1.54,
2687,,5.776475,,1.15,
2688,,12.832235,,0.69,
2689,,2.060438,,0.73,
2690,,8.777247,,0.75,
2693,,9.401312,,1.32,
2694,,7.9389334,,0.68,
2695,,16.034656,,0.68,
2696,,26.803023,,0.68,
2697,,21.700156,,0.81,
2698,,1.865962,,0.8,
2699,,2.231527,,0.35,
2700,,4.194766,,0.35,
2701,,6.679582,,0.35,
2702,,9.715043,,0.35,
2703,,13.62749,,0.35,
2704,,2.380867,,0.76,
2705,,7.473223,,0.97,
2706,,28.735327,,0.59,
2707,,6.339069,,0.9,
2708,,8.584043,,1.08,
2709,,20.851337,,1.08,
2712,,4.622654,,0.57,
2713,,15.398723,,1.06,
2714,,10.413181,,1.07,
2715,,5.095717,,0.63,
2716,,4.803352,,0.78,
2717,,8.491282,,0.78,
2718,,0.673862,,0.92,
2719,,25.76051,,0.92,
2720,,3.572326,,0.97,
2721,,6.393025,,1.24,
2722,,18.787839,,1.24,
2725,,3.865053,,0.38,
2726,,6.293099,,0.68,
2727,,17.27474,,1.28,
2728,,33.589979,,0.89,
2729,,13.115365,,0.55,
2731,,22.549406,,0.96,
2732,,4.941907,,0.93,
2733,,9.22453,,0.93,
2734,,20.978959,,0.78,
2735,,1.908084,,1.23,
2736,,3.2141,0.0511,1.38,619.04
2737,,5.9382,0.0586,0.98,243.52
2738,,0.8094,0.0117,0.7,921.75
2739,,5.3301,0.0426,0.7,69.53
2740,,4.3696,0.0487,0.73,72.11
2741,,6.669,0.0552,0.73,56.13
2742,,6.68796,0.0617,0.64,44.1
2748,,31.6372,0.1779,0.76,10.7
2749,,20.5065,0.1344,0.73,15.3
2750,,2.77065,0.0309,0.45,59.0
2753,,8.7529,0.0705,0.55,18.8
2756,,9.7843,0.0671,0.38,6.1
2758,,9.0063,0.0746,0.62,24.1
2759,,7.05254,0.0692,0.86,118.0
2760,,2.53726,0.035,0.86,462.0
2761,,22.8827,0.1517,0.86,24.6
2762,,20.6921,0.1354,0.73,17.1
2763,,11.2954,0.0905,0.73,38.3
2766,,2.57302,0.0392,1.36,1686.0
2767,,6.67202,0.0636,0.73,66.0
2768,,16.1966,0.1148,0.73,20.5
2769,,20.257,0.1627,1.63,188.0
2770,,25.4556,0.189,1.63,139.0
2771,,6.53044,0.0619,0.73,98.0
2772,,12.6475,0.1014,0.84,45.0
2774,,8.05428,0.0708,0.68,41.0
2775,,7.06599,0.0591,0.49,17.9
2777,,13.97896,0.1112,0.93,62.0
2778,,6.98541,0.0559,0.43,13.4
2779,,5.577212,0.04,0.33,8.5
2780,,15.189034,0.078,0.33,2.2
2781,,7.760178,0.05,0.33,5.4
2782,,24.158868,0.106,0.33,1.2
2783,,7.49543,0.07619,1.06,213.0
2784,,19.5666,0.1402,0.98,59.1
2785,,7.8142,0.081,1.56,430.0
2786,,18.311,0.1429,1.56,138.0
2788,,10.994748,0.0987,1.25,186.0
2791,,19.0918,0.135,0.87,32.5
2792,,5.605,0.0596,0.87,166.0
2793,,28.867253,,0.84,
2794,,6.102325,0.059,0.63,62.9
2795,,2.74697,0.03014,0.42,41.5
2796,,9.99767,0.07131,0.42,7.42
2797,,6.4215,0.0665,0.93,178.0
2798,,27.86,0.1768,0.93,25.3
2799,,0.684559,0.013,0.68,479.0
2800,,8.77683,0.077,0.76,78.0
2802,,4.6122,0.0345,0.26,7.8
2803,,1.096026,0.01462,0.32,78.0
2806,,2.900706,0.035,0.63,80.8
2807,,1.419549,0.0164,0.28,46.0
2830,,1276.0,2.39,1.53,
2834,,0.2197,,0.18,
2835,,0.32528,,0.18,
2836,,0.81161,,0.18,
2837,,2.073549,,1.57,
2838,,854.083,,1.01,
2839,,3552.0,5.14,5.86,
2840,,1322.3,,1.01,
2841,,237.68977,0.8,1.17,
2843,,1.701531,,0.89,
2844,,1320.1,,1.52,
2845,,840.0,,2.01,
2846,,3.294601,,2.23,
2847,,31.8099,,1.26,
2848,,75.2,,1.26,
2850,,,2.2,,
2851,,,2.44,,
2852,,,0.342,,
2853,,,5.1,,
2854,,,1.08,,
2855,,,3.5,,
2856,,,0.83,,
2857,,,2.63,,
2858,,,3.64,,
2859,,,0.681,,
2860,,,3.45,,
2861,,,1.81,,
2862,,,2.34,,
2863,,,1.38,,
2864,,,1.8,,
2865,,,1.6,,
2866,,,1.78,,
2867,,,2.14,,
2868,,,4.27,,
2869,,,0.62,,
2870,,,1.305,,
2871,,,6.03,,
2872,,,1.449,,
2873,,,3.54,,
2874,,,3.09,,
2875,,,0.763,,
2876,,,4.27,,
2877,,,3.1,,
2878,,,0.79,,
2879,,,1.16,,
2880,,,3.31,,
2881,,,1.1,,
2882,,,1.7,,
2883,,,2.15,,
2884,,,1.7,,
2885,,,2.6,,
2886,,,3.32,,
2887,,,3.02,,
2888,,,,,
2889,,,2.0,,
2890,,,1.26,,
2891,,,0.12,,
2892,,,2.92,,
2893,,,3.5,,
2894,,,1.62,,
2895,,,2.8,,
2896,,,1.54,,
2897,,,,,
2898,,,2.43,,
2899,,,3.14,,
2900,,,1.26,,
2901,,,0.93,,
2902,,,1.52,,
2903,,,2.89,,
2904,,,2.37,,
2905,,,2.29,,
2906,,,0.72,,
2907,,,2.5,,
2908,,,1.9,,
2909,,,1.15,,
2914,,22.26492,0.15525,0.9,
2933,,0.240104,0.006,0.2,
2934,,0.342887,0.0076,0.2,
2944,,121.54,0.311,0.29,
3125,,634.6,1.4,1.26,
3161,,258.8,,1.44,
3288,,1002.0,2.16,4.22,
3405,,982.0,,0.89,
3419,,187.366,0.6992,0.94,
3420,,303.227,0.9638,0.94,
3421,,49.4643,0.2877,0.94,
3438,,523.9,,1.07,
3440,,240.503,0.7903,0.83,
3442,,43.0,,0.2,
3443,,1460.0,,0.2,
3450,,2500.0,4.2,1.4,
3476,,406.2,,4.06,
3488,,223.3,0.73,0.94,
3496,,675.47,1.68,1.74,
3508,,66.262,0.3553,0.78,
3518,,3000.0,,1.01,
3662,,131.458,0.60347,1.03,
3687,,288.822,1.0896,1.16,
3836,,66.0634,0.33,1.0,
3949,,122.4,,1.32,
4273,,2646.0,4.0,1.65,
4558,,637.2093,1.24,0.91,
4687,,228.776,0.7048,0.65,
4690,,30.0,0.17,1.12,
4750,,1107.5923,2.7205,1.79,
4762,,1919.0,3.053,1.1,
4827,,11.28,,1.26,
4828,,737.1131,1.64,1.12,0.56
5073,,28.731,,0.86,
5074,,62.95,,0.86,
