,insolation_flux_earth,equilibrium_temperature_[k],orbital_period_[days],orbit_semi-major_axis_[au]),stellar_radius_[solar_radius]
0,,313.321964869454,326.03,1.29,19.0
1,,313.321964869454,516.21997,1.53,29.79
2,,313.321964869454,185.84,0.83,11.0
3,,308.4847993737476,1765.03890112,2.773069,0.93
4,,311.6025017546999,798.5,1.66,1.13
5,,313.321964869454,578.38,1.45,25.92
6,,309.2910124885017,993.3,2.6,8.5
7,,1700.0,3165.0796094172,330.0,1.31
8,,313.321964869454,30.3506,0.19,10.64
9,,313.321964869454,452.8,1.333,4.9
10,,313.321964869454,883.0,2.08,4.9
11,,1450.0,3165.0796094172,118.0,0.84
12,,,3165.0796094172,84.0,1.2527490316615546
13,,1600.0,3165.0796094172,52.0,0.37
14,,,3165.0796094172,156.0,0.28
15,,,1913.9498069838028,15.0,0.23
16,,1250.0,3165.0796094172,55.0,0.22
17,,298.275898300617,406.0,0.92,0.2
18,,,3165.0796094172,230.0,0.64
19,,312.408714869454,335.10001,0.99,1.41
20,,313.321964869454,269.3,0.87,18.11
21,,313.321964869454,479.1,1.19,22.03
22,,311.6025017546999,1078.0,2.1,1.21
23,,287.40979411484864,2391.0,3.6,1.21
24,,230.96096194951224,14002.0,11.6,1.21
25,,700.0,11688.0,13.2,1.49
26,,329.3390783609703,4.230785,0.0527,1.18
27,,700.0,14.6516,0.1134,0.94
28,,311.6025017546999,44.3989,0.2373,0.94
29,,254.344662007431,5574.2,5.957,0.94
31,,311.6025017546999,259.88,0.7708,0.94
32,,313.321964869454,934.3,2.11,5.2
33,,329.3390783609703,4.215,0.050201,0.96
34,,311.6025017546999,38.021,0.2175,0.96
35,,311.6025017546999,123.01,0.476,0.96
36,,313.321964869454,735.1,1.758,4.87
37,,313.321964869454,996.0,2.153,4.87
38,,312.408714869454,116.688,0.481,1.89
39,,313.321964869454,691.9,2.1,10.5
40,,313.321964869454,93.4,0.49,10.3
41,,309.2910124885017,952.7,2.5,11.0
42,,313.321964869454,181.4,0.7,11.0
43,,,3165.0796094172,93.9,2.96
44,,,3165.0796094172,260.0,1.0
45,,1400.0,7520.0,7.99,1.25
47,,454.0,18.858991,0.1101,0.75
48,,313.321964869454,481.9,1.3,32.35
49,,311.6025017546999,268.94,0.78,0.86
50,,313.321964869454,153.22,0.576,8.95
51,,313.321964869454,137.48,0.539,14.7
52,,313.321964869454,379.63,1.05,71.02
53,,313.321964869454,621.99,2.01,49.0
54,,313.321964869454,578.2,1.3,17.3
55,,546.0,41.6855,0.241,1.08
56,,311.6025017546999,307.88,0.83,0.81
57,,313.321964869454,392.6,1.0,11.0
58,,313.321964869454,733.0,1.7,10.33
59,,270.9961502904408,2590.0,4.2,7.6
60,,311.6025017546999,265.59,0.78,0.9
61,,1303.0,3165.0796094172,1662.0,0.8
62,,311.6025017546999,1198.48,2.06,0.8
63,,311.6025017546999,723.2,1.48,0.84
64,,328.5948498501004,3.8728,0.0428,0.69
65,,309.1427162364742,125.94,0.435,0.69
66,,326.0014738600791,5.6,0.06,0.71
67,,309.71051816884136,237.6,0.68,0.72
68,,331.0546353683261,3.48777,0.04,0.91
69,,305.24478874729675,1634.0,2.36,0.64
70,,307.08153874729675,74.2,0.3,0.64
71,,313.321964869454,714.29999,1.66,19.17
72,,309.1427162364742,655.6,1.34,0.69
74,,370.0,10037.5,2.6,1.0753478573127595
75,,1800.0,8040000.0,200.0,0.24
76,,,3165.0796094172,210.0,1.2960711271637302
77,,,8.9891,,1.88
78,,434.0,402000000.0,7506.0,0.39
79,,2600.0,3165.0796094172,440.0,1.68
81,,600.0,13.2406,0.1055,0.79
82,,1657.0,2.99433,0.0436,1.37
85,,1952.0,1.51214,0.027,1.21
86,,327.8934574459376,5.35227,0.0618,1.19
87,,1626.0,3.7681,0.0461,1.59
92,,305.8844629665797,1675.0,2.9,1.37
93,,331.8608484830802,2.72474,0.0417,1.95
94,,885.0,9.75598,0.092,1.14
95,,1660.0,3.6313,0.048,1.61
96,,1070.0,5.1134,0.056,0.86
97,,850.0,11.759,0.098,0.86
98,,1330.0,4.86069,0.0578,1.19
99,,1600.0,4.20474,0.0526,1.79
100,,1500.0,3.57532,0.0476,1.08
101,,328.69967056069174,5.20851,0.0603,1.78
102,,331.0546353683261,2.85057,0.0386,0.9
103,,1695.0,4.2568,0.05783,1.56
104,,312.93778060523533,9.06005,0.0844,0.91
105,,328.69967056069174,4.62941,0.0586,2.15
106,,1747.0,3.22748,0.0429,1.65
107,,1567.0,5.616531,0.066,1.52
110,,1017.0,8.886593,0.0855,1.03
111,,1756.0,0.85359163,0.017016,0.83
112,,331.0546353683261,3.698,0.046,0.86
113,,,8.966,,0.84
114,,870.0,6.21229,0.063,0.77
115,,420.0,95.272656,0.4021,0.96
117,,253.9250682531461,4098.1,5.75,0.42
118,,,246.36,0.36,1.0771314953294928
119,,2200.0,3165.0796094172,330.0,0.27
120,,877.0,18.57,0.1462,1.26
121,,1239.0,6.584,0.0733,1.26
122,,1632.0,2.882,0.0422,1.26
123,,1314.0,5.516,0.0651,1.26
124,,1000.0,5.2072,0.0664,1.78
125,,854.0,6.6732,0.0662,0.91
126,,225.1873436364897,10220.0,8.19,0.01
128,,315.1663599715101,6.7987,0.0349,0.28
129,,,28.1656,,0.37
130,,,0.72091,,0.94
131,,,2.13174,,0.55
132,,1874.0,0.877214,288.6525,0.93
133,,,3.80464,,1.6
134,,,2.71578,,0.54
135,,339.6060132551918,2.0478,0.0296,0.66
136,,,3.96151,,0.63
137,,325.3451251574887,4.1698,0.035,0.63
138,,961.0,8.050722,288.6525,0.83
139,,,4.50756,,0.82
140,,,0.911724,,1.1
141,,,14.647531,,1.1
142,,,2.87814,,0.37
143,,,5.2986,,0.5
144,,,0.354884,,0.5
145,,,2.255436,,0.25
146,,,1.58252,,0.67
147,,,17.515472,,0.76
150,,1149.0,2.289363,288.6525,0.8
151,,866.0,5.213965,288.6525,0.8
152,,,18.0983,,1.22
153,,,34.885,,0.76
154,,756.0,15.28078,288.6525,0.98
155,,658.0,23.228555,288.6525,0.98
156,,,0.578657,,0.93
157,,,11.811437,,0.93
158,,536.0,13.603,0.098,0.67
159,,316.0,65.55,0.28,0.67
160,,,0.762406,,0.89
161,,,0.70531,,1.0
164,,932.0,0.728113,288.6525,0.32
170,,2375.0,3165.0796094172,800.0,1.0771314953294928
180,,300.0,8.929,0.0476,0.21
181,,301.7641187945838,41.38,0.166,0.36
182,,301.7641187945838,532.58,0.912,0.36
183,,296.4624756815693,389.7,0.5714,0.18
186,,316.6069375671586,3.6511,0.026,0.19
188,,550.0,11.4407,0.072,0.38
189,,252.5353027458304,7600.0,5.4,0.38
190,,324.2595150649668,5.2354,0.053,0.66
191,,306.3605243714508,8.63182,0.0607,0.41
192,,304.49823571699375,25.63058,0.1254,0.41
193,,304.49823571699375,603.95116,1.0304,0.41
194,,301.7641187945838,2288.0,2.41,0.38
195,,304.49823571699375,17.133,0.092,0.41
196,,304.49823571699375,24.329,0.129,0.41
197,,304.49823571699375,106.3,0.309,0.41
198,,341.8656041644132,2.38128933,0.034411,2.24
199,,230.68696194951227,25533.11353048,16.763449,2.24
200,,309.71051816884136,69.971,0.283,0.71
201,,305.2689554139634,121.93267601,0.384214,0.46
202,,305.2689554139634,579.47494672,1.086215,0.46
204,,306.18749708063007,15.819,0.101,0.52
207,,350.0,133.71,0.49,0.9
208,,306.0137470806301,11.949,0.079,0.47
213,,304.9235387472968,695.66,1.151,0.43
214,,255.1082946682404,6739.323,5.23,0.43
215,,312.1110434213666,10.6666864,0.091179,0.93
216,,267.61256992636044,4100.0,4.5,0.65
223,,305.84208041396346,14.207,0.089,0.44
224,,391.0,24.422,0.142,0.58
228,,296.4624756815693,203.69,0.337,0.14
229,,296.4624756815693,1599.6,1.292,0.14
233,,327.0424650108134,2.64561,0.0287,0.43
235,,320.7997969926533,3.0232,0.026,0.28
239,,590.0,6.905,0.0608,0.61
240,,327.38788167748004,2.64977,0.029,0.49
241,,306.18749708063007,13.74,0.089,0.49
243,,309.0,50.8,0.2324,0.68
244,,125.0,749.83,1.4,0.68
245,,301.7641187945838,20.129,0.111,0.37
246,,305.4167773836605,13.352,0.082,0.41
247,,309.3783672507936,7.3705,0.062,0.5
248,,266.9926802549989,5094.105,4.819,0.47
249,,305.2689554139634,36.059,0.178,0.47
251,,305.7774970806301,9.567,0.068,0.46
253,,510.0,3165.0796094172,43.5,1.26
255,,307.1312440684204,8.7076,0.06661,0.5
256,,319.6728033839903,5.3686,0.04061,0.33
257,,302.68266046125046,12.914,0.0721,0.33
258,,322.16780483579055,3.149,0.02815,0.33
259,,302.68266046125046,14.628,0.078361,0.31
260,,305.2689554139634,598.3,1.135,0.5
261,,,7.2004,0.0505,1.2927866997940365
262,,,28.14,0.125,1.2927866997940365
263,,,62.24,0.213,1.2927866997940365
264,,,39.026,0.156,1.2927866997940365
265,,,256.2,0.549,1.2927866997940365
266,,319.6728033839903,4.6938,0.039,0.36
267,,309.1427162364742,1051.44520601,1.734535,0.69
268,,228.4065796373799,13921.42302046,9.67808,0.65
269,,327.4206929873553,3.60075682,0.039322,0.65
270,,307.44154956980753,35.47357709,0.180707,0.65
271,,228.02665539495567,17281.66513958,10.121898,0.46
272,,301.7641187945838,17.478,0.08,0.3
273,,301.7641187945838,57.32,0.176,0.3
274,,305.2689554139634,24.16,0.1344,0.54
275,,304.49823571699375,38.142,0.163,0.42
276,,304.49823571699375,727.562,1.165,0.42
277,,401.0,19.466,0.119,0.56
279,,288.6717533679555,3657.0,3.56,0.44
280,,305.2689554139634,1915.0,2.409,0.47
281,,256.22183633490704,7068.0,4.974,0.47
282,,311.5499575627808,15.76491,0.11,0.77
283,,301.7641187945838,61.1166,0.208317,0.3
284,,301.7641187945838,30.0881,0.12959,0.3
285,,337.63864673342704,1.93778,0.020807,0.3
286,,301.7641187945838,124.26,0.3343,0.3
289,,301.7641187945838,284.39,0.63965,0.39
290,,296.4624756815693,771.36,0.88,0.16
291,,305.2689554139634,73.94,0.291,0.58
292,,453.0,18.27,0.1139,0.57
293,,228.13973872828905,19240.75467009,12.341073,0.66
298,,2650.0,3165.0796094172,100.0,1.94
299,,2300.0,3165.0796094172,320.0,0.9
300,,1050.0,3165.0796094172,2000.0,0.45
301,,331.0546353683261,3.052524,0.04047,0.95
303,,830.0,3.822,0.039435,0.56
304,,306.18749708063007,13.8508,0.0905,0.51
305,,379.0,15.53,0.091,0.43
308,,270.7417430804535,3407.0,4.13,0.68
311,,340.0,446.27,1.258,1.76
316,,257.0675414743693,5584.0,5.6,0.84
347,,311.6025017546999,872.2,1.752,0.95
348,,1652.0,3.128992,0.0452,1.32
349,,1458.0,4.463129,0.0577,1.4
359,,2200.0,2.4653,0.0406,1.85
378,,1407.0,3.312846,0.04491,1.1
379,,1596.0,3.619188,0.0507,1.54
380,,1446.0,3.142702,0.0441,1.17
383,,1505.0,1.74748753,0.02712,0.92
389,,1654.0,2.1605156,0.03397,1.2
394,,1253.0,3.1810781,0.04131,0.92
395,,1212.0,4.6058749,0.05475,1.07
398,,1823.0,3.37796,0.0478,1.87
419,,331.0546353683261,3.8297015,0.05046,1.12
449,,1324.0,3.583893,0.04667,1.09
450,,1746.0,1.915291,0.0312,1.56
451,,,3165.0796094172,53.0,1.85
452,,313.321964869454,157.57001,0.68,10.06
453,,311.6025017546999,383.70001,1.03,1.04
454,,327.8934574459376,5.75969,0.06412,1.11
455,,312.5210434213666,16.357,0.12859,1.11
456,,311.6025017546999,49.748,0.2699,1.11
457,,311.6025017546999,122.744,0.4929,1.11
458,,311.6025017546999,604.67,1.427,1.11
459,,291.9027012395284,2205.0,3.381,1.11
460,,311.6025017546999,70.46,0.3,0.86
461,,311.6025017546999,20.8133,0.15,1.23
462,,329.3390783609703,4.11377,0.05,0.82
463,,313.321964869454,127.58,0.51,10.3
464,,313.321964869454,778.09998,1.81,9.82
465,,,1123.0,,6.3
466,,311.6025017546999,122.1,0.46,0.95
467,,279.75316841857875,3090.942,4.074,0.96
468,,328.2647596411516,6.4947,0.0807,4.55
469,,311.6025017546999,47.84,0.25,0.88
470,,326.0014738600791,4.5557,0.0498,0.73
471,,328.69967056069174,5.8881,0.07,1.58
472,,295.34640947351625,1919.0,3.27,2.22
473,,310.6314158961141,120.878,0.439,0.75
474,,310.6314158961141,55.806,0.26,0.74
475,,312.408714869454,1032.3,2.01,1.97
476,,313.321964869454,199.505,0.95,11.0
477,,312.9172565361207,10.02244605,0.09124,1.27
478,,230.68696194951227,77114.07157859,35.747028,1.27
479,,291.9027012395284,2412.0,3.38,0.94
480,,308.4847993737476,1531.0,2.61,1.1
481,,295.34640947351625,1888.0,3.34,2.66
484,,311.6025017546999,989.2,2.015,1.1
485,,270.43379314758363,3586.86089301,4.496414,0.91
486,,1800.0,3165.0796094172,650.0,2.12
487,,312.408714869454,1075.37989939,2.050268,1.86
488,,311.6025017546999,48.056,0.269,1.17
489,,311.6025017546999,18.3267,0.1407,1.17
490,,890.0,10.8985,0.102,1.21
495,,311.6025017546999,29.54115,0.1758,0.88
496,,311.18088559308376,1129.0,2.0,0.79
497,,313.321964869454,437.7,1.32,5.74
498,,311.6025017546999,394.48123,1.04,1.05
499,,308.4847993737476,1624.0,2.659,1.09
500,,311.6025017546999,68.27,0.33,1.07
501,,315.283056296302,7.8543,0.079,1.29
502,,312.408714869454,30.93,0.196,1.29
504,,327.8934574459376,5.239891,0.0615,1.22
505,,313.321964869454,283.8,0.95,11.16
508,,230.96096194951224,17132.15854472,12.511098,0.87
509,,313.321964869454,835.477,2.14,20.9
513,,230.68696194951227,24469.67342295,16.589764,1.17
514,,230.96096194951224,17244.90764393,13.503729,1.47
515,,311.6025017546999,1169.13201636,2.147271,0.9
516,,230.68696194951227,26472.44622716,17.205919,0.9
517,,309.2910124885017,1056.4,2.5,8.03
518,,312.408714869454,825.9,1.82,1.45
519,,313.321964869454,613.2,1.7,39.0
520,,312.408714869454,317.58638571,1.021796,1.5
521,,253.0836235458925,5429.93477336,6.82814,1.53
522,,313.321964869454,228.53731482,0.922152,6.78
523,,305.2689554139634,663.2,1.24,0.53
524,,305.2689554139634,1818.0,2.44,0.53
525,,313.321964869454,610.2,1.6,25.11
526,,312.408714869454,109.75,0.5109,1.49
527,,310.6314158961141,937.70001,1.73,0.76
528,,257.6437678894636,4000.0,5.34,2.14
529,,312.408714869454,1121.79,2.067,1.47
530,,311.6025017546999,493.7,1.16,0.84
531,,259.0188928894636,4319.0,4.97,0.84
532,,230.68696194951227,32669.2224679,20.331534,1.2
533,,309.2910124885017,1613.74017306,2.798425,1.24
534,,312.408714869454,223.95986342,0.749283,1.34
535,,230.96096194951224,14723.57452498,12.245208,1.24
536,,310.219059835508,10.49487691,0.088127,0.73
537,,229.04498872828896,15319.22517076,11.294908,0.73
539,,313.321964869454,670.0,1.65,4.89
540,,,907.0,,4.6
541,,285.9995145563849,2621.75,3.787,1.07
542,,313.321964869454,433.70001,1.09,20.58
543,,311.6025017546999,25.8,0.18,1.2
545,,298.2390653155501,1945.0,3.16,2.01
546,,312.408714869454,37.91,0.229,2.01
547,,313.321964869454,711.0,1.93,10.09
548,,270.9961502904408,2085.10024027,4.332646,9.12
549,,311.6025017546999,63.33,0.33,1.07
550,,328.69967056069174,4.36304899,0.053918,1.8
551,,230.68696194951227,36336.70678753,22.187701,1.8
552,,312.408714869454,84.96275604,0.406294,2.17
553,,312.408714869454,270.66,0.86,1.3
554,,311.6025017546999,58.83,0.297,1.0
555,,229.8526260909264,14901.99295308,10.780317,0.75
556,,292.70891435428246,1757.39150946,3.49516,6.47
557,,311.13995756278075,9.6737,0.08,0.74
558,,311.6025017546999,557.69994314,1.348279,1.07
559,,329.3390783609703,4.15466389,0.051386,1.05
560,,280.2326684185788,2822.726978,3.979432,1.05
561,,313.321964869454,133.60001,0.54,11.02
562,,311.6025017546999,960.41,1.837,0.98
563,,311.6025017546999,262.70862,0.84,1.2
564,,308.4847993737476,1708.0,2.8145,1.11
565,,312.408714869454,1257.25302691,2.248182,1.37
566,,310.6314158961141,65.78395386,0.287149,0.74
567,,310.6314158961141,453.019,1.084,0.76
568,,310.6314158961141,921.538,1.74,0.76
569,,311.6025017546999,298.2,0.87,0.85
570,,305.07824985182555,1840.0,2.9,1.18
571,,720.0,10.70871,0.0925,0.85
572,,313.321964869454,896.0,2.01,4.44
573,,278.86376781917824,2613.0,4.1,2.39
574,,313.321964869454,471.60001,1.25,38.41
575,,312.408714869454,974.0,1.98,1.34
576,,309.2910124885017,1544.0,2.62,1.3
577,,311.6025017546999,649.0,1.44,0.96
578,,270.43379314758363,3568.0,4.49,0.96
579,,254.344662007431,5769.0,6.15,0.99
580,,331.0546353683261,3.2696,0.0444,1.16
581,,308.4847993737476,1291.5646,2.3928,1.16
582,,311.6025017546999,258.17999,0.81,1.22
583,,254.344662007431,5000.0,5.8,1.25
584,,270.9961502904408,2422.32596749,4.183784,3.93
585,,309.2910124885017,1187.5976527,2.325263,1.68
589,,313.321964869454,464.29999,1.29,3.78
590,,258.25076788946365,4540.0,5.13,1.19
591,,311.6025017546999,142.22894586,0.534309,1.04
592,,311.6025017546999,330.0,0.89,0.88
593,,2130.0,1.62116,0.02732,1.59
594,,370.0,479.9,1.2163,1.59
595,,312.0994272597504,14.1815,0.10519,0.78
596,,311.18088559308376,53.753,0.2554,0.78
597,,312.408714869454,19.382,0.154,1.67
598,,312.408714869454,931.0,2.03,1.67
599,,258.25076788946365,4218.0,5.15,1.25
600,,305.8844629665797,1124.79139251,2.948979,11.47
602,,258.25076788946365,2721.2347924,5.250541,12.4
603,,312.93778060523533,9.02377598,0.084501,0.95
604,,251.1037425935116,7417.50547213,7.343138,0.95
605,,313.3272565361207,15.5083,0.1238,1.39
606,,312.408714869454,94.44,0.415,1.39
607,,312.408714869454,201.99,0.689,1.39
608,,312.408714869454,1069.8,2.09,1.39
609,,259.0188928894636,5000.0,5.0,1.39
610,,311.6025017546999,653.21997,1.5,1.03
611,,312.408714869454,108.45298959,0.474065,1.41
612,,312.408714869454,351.43394308,1.038376,1.47
613,,231.2278028586032,10159.64279484,9.815941,1.47
614,,305.07824985182555,1928.0,2.93,1.04
615,,309.2910124885017,1299.0,2.78,4.63
616,,311.6025017546999,386.29999,1.06,1.04
617,,342.14252700255065,2.1974,0.0379,1.65
618,,311.6025017546999,1039.15,1.988,0.92
619,,312.408714869454,40.43913587,0.242129,1.65
620,,311.6025017546999,103.95,0.45,1.05
621,,313.321964869454,176.3,0.76,10.52
622,,230.96096194951224,15732.45889178,11.938641,1.0
623,,259.0188928894636,2751.53433458,4.888326,6.93
624,,327.8934574459376,5.77152,0.0634,1.15
625,,312.5210434213666,13.5052,0.1117,1.15
626,,311.6025017546999,44.236,0.2388,0.94
627,,311.6025017546999,1008.0,1.922,0.94
628,,307.08153874729675,86.78,0.323,0.63
629,,311.6025017546999,528.4,1.32,0.98
630,,313.321964869454,676.6,1.7,5.01
631,,312.408714869454,116.596,0.522,2.29
632,,312.408714869454,491.54,1.36,2.29
633,,308.4847993737476,1027.0,2.45,1.21
634,,312.408714869454,328.55,0.993,1.34
635,,254.344662007431,5062.0,6.15,1.34
636,,313.321964869454,331.5,1.04,3.86
638,,330.14529147572443,4.07182,0.053,1.44
639,,230.96096194951224,16521.52777877,12.278296,0.89
640,,313.321964869454,562.0,1.4,16.2
641,,313.321964869454,428.5,1.262,4.67
642,,253.0836235458925,5894.0,6.7,0.96
643,,311.6025017546999,21.89287913,0.159926,1.17
644,,230.68696194951227,18144.7623572,14.10056,1.17
645,,270.9961502904408,2918.92,4.187,1.13
646,,313.321964869454,686.5,1.66,5.14
651,,314.21381792902264,7.29902668,0.068049,0.75
652,,311.5499575627808,15.27017677,0.111312,0.75
653,,229.7158760909264,40654.64809444,21.349779,0.75
654,,312.408714869454,499.39999,1.28,1.28
655,,311.6025017546999,18.56,0.134,0.95
656,,270.9961502904408,3341.55884,4.21,0.85
657,,312.408714869454,163.94,0.6,1.32
658,,312.408714869454,408.60001,1.29,2.3
659,,257.6437678894636,3452.0,5.36,1.76
660,,312.408714869454,352.65,1.04,1.76
661,,313.321964869454,818.8,2.0,5.03
662,,312.408714869454,194.3,0.63,1.38
663,,312.408714869454,391.9,1.02,1.38
664,,345.8050629335628,1.87567261,0.030046,1.02
665,,230.96096194951224,17202.19446178,13.125939,1.02
666,,313.321964869454,21.85848995,0.166479,2.76
667,,232.64006476336507,7841.58389773,8.301568,2.76
668,,311.6025017546999,133.40355381,0.501896,0.95
669,,257.0675414743693,4818.25358194,5.484633,0.97
670,,312.408714869454,842.2,1.88,2.16
671,,326.0014738600791,4.6455,0.05,0.72
672,,310.6314158961141,811.3,1.57,0.77
673,,312.408714869454,359.51001,1.12,1.9
674,,313.321964869454,521.0,1.5,4.5
676,,,3.432,,1.21
677,,,5.1980814,,1.21
678,,,7.951,,1.21
679,,,12.028,,1.21
680,,313.321964869454,820.2,2.1,50.3
681,,312.5210434213666,12.62,0.11,1.12
682,,311.6025017546999,248.4,0.8,1.12
683,,309.2910124885017,1184.1,2.32,2.13
684,,312.408714869454,351.0,1.032,2.13
685,,313.321964869454,577.2,1.492,3.49
686,,292.1114143542825,2149.0,3.584,3.49
687,,312.408714869454,645.0,1.5,1.33
688,,270.9961502904408,3947.0,4.17,1.33
689,,900.0,9.6392,0.09286,1.33
690,,312.408714869454,307.9,0.934,1.33
691,,313.321964869454,279.3,0.85,10.95
692,,312.408714869454,75.523,0.36,1.48
693,,312.408714869454,990.0,2.12,1.72
694,,650.0,8.4282,0.08,0.75
695,,312.408714869454,75.2203,0.362,1.76
696,,309.2910124885017,1272.0,2.39,1.76
697,,312.408714869454,17.24,0.14,1.64
698,,311.6025017546999,280.17,0.87,1.11
699,,311.6025017546999,40.0,0.23,1.02
700,,310.6314158961141,641.472,1.331,0.77
703,,312.5210434213666,12.458,0.103,0.95
704,,311.6025017546999,41.763,0.2292,1.0
705,,311.6025017546999,434.5,1.13,0.95
706,,312.408714869454,270.0,0.94,1.93
707,,257.0675414743693,5144.0,5.42,0.8
708,,313.321964869454,420.77,1.32,4.3
709,,313.321964869454,20.6532,0.1512,9.7
710,,312.5210434213666,15.1479,0.1192,1.21
711,,312.408714869454,58.11187301,0.292241,1.71
712,,305.8844629665797,1753.10959642,2.840843,1.71
713,,900.0,6.404,0.07,1.09
714,,230.4020957878961,14773.93271605,10.932103,0.78
715,,313.321964869454,533.0,1.36,21.66
716,,252.6520376873067,6707.49126331,6.469422,0.77
717,,345.0,225.67371788,0.764552,1.94
718,,298.58112413907946,1818.82339336,3.073402,1.94
719,,312.408714869454,1145.0,2.24,1.24
720,,313.321964869454,359.89999,1.31,13.58
721,,313.321964869454,550.0,1.32,2.47
722,,308.4847993737476,1532.0,2.57,1.01
724,,313.321964869454,323.6,1.16,13.5
725,,313.321964869454,582.0,1.7,26.6
726,,309.2910124885017,1276.07604009,2.306105,1.75
727,,313.321964869454,298.43,0.975,4.19
728,,,29.01,,0.7
729,,311.6025017546999,623.8,1.42,1.18
732,,311.6025017546999,44.505,0.246,0.97
733,,313.321964869454,410.10001,1.14,3.26
734,,313.321964869454,110.9,0.5137,2.62
735,,311.6025017546999,71.484,0.34,1.08
736,,313.3272565361207,14.479,0.1214,1.63
737,,331.8608484830802,3.092514,0.0443,1.27
738,,313.321964869454,213.72,0.843,4.06
739,,286.0165332266946,2278.0,3.87,3.13
740,,313.321964869454,396.03,1.46,8.13
741,,305.2689554139634,105.911,0.343,0.48
742,,313.321964869454,510.9,1.4,4.16
743,,251.1037425935116,7593.40511644,7.420228,1.06
744,,313.321964869454,564.1,1.592,4.71
745,,312.1110434213666,10.28510117,0.087639,0.87
746,,230.68696194951227,28982.41764205,17.521435,0.87
747,,311.68942725975046,9.3743,0.08,0.79
748,,311.6025017546999,962.0,1.76,0.81
749,,302.7064609629367,2172.0,3.0,0.81
750,,312.408714869454,956.0,1.85,1.5
751,,311.6025017546999,624.87403922,1.459291,1.23
752,,257.0675414743693,4667.97840705,5.581571,1.29
754,,313.321964869454,286.6,0.94,4.86
755,,313.321964869454,484.3,1.334,4.86
756,,313.321964869454,836.4,1.92,4.86
757,,326.651954085596,6.83776,0.077,2.0
759,,312.408714869454,1019.74,2.1,1.27
760,,331.0546353683261,3.0965828,0.0426,1.15
761,,259.0188928894636,3810.0,4.89,1.15
762,,313.321964869454,766.0,1.82,5.13
763,,311.6025017546999,461.2,1.203,1.13
764,,230.96096194951224,14583.81038324,11.958319,1.94
765,,312.5210434213666,14.288,0.111,1.04
766,,311.6025017546999,33.688,0.197,1.04
768,,311.92567725975044,11.72,0.092,0.79
769,,309.2910124885017,1143.59857585,2.405224,2.59
770,,150.0,2854.0,3.9,1.14
771,,311.6025017546999,17.111,0.1304,1.17
772,,312.408714869454,1176.45,2.231,1.38
773,,257.0675414743693,4885.0,5.5,1.53
774,,309.2910124885017,1603.38923493,2.746858,1.4
779,,125.0,2200.0,3.2,0.94
781,,486.0,24.3556,0.15,0.74
782,,355.0,74.72,0.32,0.86
783,,185.0,525.8,1.18,0.81
784,,313.321964869454,340.94,1.063,4.41
785,,230.82371194951224,13092.18347776,11.043187,1.15
786,,312.408714869454,18.20132,0.14,1.48
787,,309.2910124885017,1378.0,2.51,1.42
788,,259.0188928894636,3638.0,5.02,1.73
789,,313.321964869454,402.0,1.1,32.3
790,,309.2910124885017,1333.0,2.37,1.31
791,,311.6025017546999,1035.7,2.07,1.1
792,,311.6025017546999,99.62167078,0.425988,0.92
793,,312.408714869454,466.2,1.305,1.8
794,,312.3472934213666,11.8482,0.0974,0.92
795,,311.6025017546999,33.9239,0.1964,0.92
796,,313.321964869454,606.3,1.565,4.92
797,,313.321964869454,852.5,1.96,4.92
798,,308.4847993737476,1260.0,2.41,1.04
799,,313.321964869454,517.8,1.566,6.43
800,,309.2910124885017,946.6,2.342,6.43
802,,1040.0,3165.0796094172,487.1,0.86
804,,313.321964869454,512.53519584,1.768964,10.59
805,,259.0188928894636,2481.07226962,5.068253,10.59
806,,309.2910124885017,1552.9,2.73,1.33
807,,311.6025017546999,1120.0,2.2,1.19
808,,297.432852200796,2041.11538546,3.183074,1.1
809,,311.6025017546999,34.95875432,0.211213,1.13
810,,251.1037425935116,7325.64666214,7.444845,1.13
811,,308.06318321213143,1733.0,2.55,0.78
812,,312.408714869454,25.33798092,0.177326,1.88
813,,312.408714869454,279.8,0.896,1.33
814,,312.408714869454,96.045,0.461,2.22
815,,313.321964869454,673.2,1.74,6.12
816,,1429.0,9350.0,9.6,1.31
817,,1182.0,2090.0,3.53,1.31
818,,327.8934574459376,5.3135,0.0529,0.83
819,,312.5210434213666,13.8905,0.1004,0.83
820,,311.6025017546999,29.158,0.1647,0.83
821,,311.6025017546999,85.5073,0.3374,0.83
822,,311.6025017546999,597.0643,1.3649,1.13
823,,311.6025017546999,160.07,0.586,0.89
824,,311.6025017546999,1155.7,2.112,0.9
826,,660.0,18.315,0.1207,0.92
827,,508.0,40.114,0.2036,0.92
828,,388.0,90.309,0.3499,0.92
829,,311.6025017546999,147.02,0.509,0.92
830,,311.6025017546999,130.08,0.524,1.2
831,,313.321964869454,875.5,2.1,51.1
832,,310.6314158961141,380.85001,0.95,0.76
833,,313.321964869454,352.7,1.05,4.98
835,,311.6025017546999,649.918,1.487,1.06
836,,311.6025017546999,442.19,1.13,1.07
837,,313.321964869454,354.1,1.148,4.92
839,,308.4847993737476,1558.0,2.656,1.13
840,,305.2689554139634,25.201,0.143,0.57
841,,341.33631388779656,2.24571,0.03,1.16
842,,313.321964869454,380.7,1.19,5.27
843,,312.408714869454,882.70001,1.89,1.51
844,,230.96096194951224,17000.0,13.0,1.43
845,,312.1110434213666,11.12214173,0.099068,1.08
847,,1265.0,4.78503,0.056798,1.1
848,,311.6025017546999,84.288,0.362,0.83
849,,298.58112413907946,1854.84423702,3.078036,2.04
850,,326.0014738600791,5.75999,0.057638,0.73
851,,313.29292020174995,7.28243,0.067393,0.73
852,,310.219059835508,10.86499,0.08799,0.73
853,,309.71051816884136,25.1967,0.15417,0.73
854,,331.0546353683261,3.93404,0.05,0.85
855,,311.6025017546999,567.94,1.282,0.9
856,,309.2910124885017,1311.0,2.56,1.8
857,,309.2910124885017,1334.28,2.497,1.39
858,,310.6314158961141,35.45,0.198,0.76
859,,310.6314158961141,154.43,0.528,0.76
860,,313.321964869454,148.60001,0.61,9.83
861,,311.6025017546999,118.45,0.46,0.93
862,,311.6025017546999,22.6786,0.1455,0.91
863,,311.6025017546999,53.7357,0.2586,0.91
864,,315.99001489871966,7.12682,0.08,1.11
865,,258.25076788946365,4270.0,5.32,1.2
867,,309.2910124885017,1301.36009179,2.44502,1.27
868,,336.2760116447121,2.52220686,0.037863,1.34
869,,270.43379314758363,3501.3,4.56,1.21
870,,286.80572767113904,2560.19774386,3.748429,1.33
871,,311.6025017546999,225.7,0.69,0.85
872,,254.344662007431,5478.68860928,5.935698,1.91
877,,310.6314158961141,94.2,0.3753,0.77
878,,296.8038251657395,2247.0,3.11,0.77
879,,313.321964869454,275.5,0.94,11.22
880,,297.820646197903,2093.3,3.2,2.9
882,,331.8608484830802,3.83482856,0.048559,1.56
883,,257.0675414743693,4789.87297306,5.657321,1.61
884,,313.321964869454,672.09998,1.6,54.92
885,,308.4847993737476,1728.0,2.729,0.98
886,,291.9027012395284,2266.4,3.396,1.07
887,,259.0188928894636,3724.7,4.94,1.68
888,,312.408714869454,218.47,0.74,1.42
889,,311.6025017546999,456.1,1.25,1.14
891,,232.64006476336507,8615.41549088,8.416586,1.95
892,,309.2910124885017,1173.0,2.306,1.85
893,,313.321964869454,871.0,1.83,4.1
894,,258.25076788946365,3999.0,5.14,1.85
895,,311.6025017546999,572.38,1.34,1.13
896,,309.2910124885017,1202.05198926,2.373375,1.54
897,,312.408714869454,26.6904,0.191,1.93
899,,313.321964869454,872.6,1.9,5.69
900,,310.6314158961141,528.07,1.167,0.74
901,,311.6025017546999,730.59998,1.6,1.07
902,,309.2910124885017,1211.17,2.37,1.49
903,,312.408714869454,141.63,0.567,1.53
904,,313.321964869454,192.0,0.747,10.9
905,,306.1279720844275,2058.0,2.827,0.68
911,,309.2910124885017,1535.11912389,2.692222,1.53
913,,257.0675414743693,4100.0,5.7,12.73
914,,313.321964869454,501.75,1.16,25.46
915,,313.321964869454,745.70001,1.92,71.23
916,,259.0188928894636,3668.0,4.92,1.3
917,,312.408714869454,515.4,1.3,1.39
918,,313.321964869454,535.59998,1.29,40.0
919,,344.04616875091665,2.0455,0.034,1.41
920,,254.344662007431,6134.4269993,6.245213,0.83
921,,305.07824985182555,1802.29,2.971,1.23
922,,313.321964869454,457.01,1.49,13.76
923,,311.6025017546999,41.83156448,0.241872,1.0
924,,230.68696194951227,26308.65618751,17.779459,1.0
927,,230.68696194951227,32000.0,20.4,1.46
928,,331.0546353683261,3.4442,0.04,0.94
930,,,42.378,,0.87
931,,313.321964869454,428.1,1.271,3.18
932,,296.32297594029177,2198.14,3.242,0.92
933,,311.6025017546999,18.01938802,0.125367,0.89
934,,311.6025017546999,36.07,0.198,0.89
935,,257.6437678894636,5019.54243994,5.359964,0.89
940,,311.6025017546999,385.52775151,1.034659,1.03
941,,230.96096194951224,17417.92078705,13.109497,1.03
942,,312.5210434213666,14.23283446,0.117885,1.07
943,,312.408714869454,1116.0,2.15,1.48
944,,324.0855110081717,6.0881,0.06,0.69
945,,450.0,8.7836,0.066,0.48
946,,313.321964869454,380.2,1.18,6.48
947,,308.4847993737476,1362.3,2.28,0.85
948,,291.9027012395284,2443.0,3.43,0.95
949,,313.321964869454,892.7,1.913,4.5
950,,313.321964869454,311.60001,1.23,10.76
951,,228.1639053949557,20608.14048834,13.283797,0.57
952,,287.40979411484864,2514.53421506,3.603011,1.02
953,,230.82371194951224,12085.45185585,10.273072,1.18
954,,309.2910124885017,1157.0,2.34,1.61
955,,308.4847993737476,1684.0,2.69,0.91
956,,313.321964869454,847.0,1.85,4.4
957,,312.408714869454,466.0,1.26,1.75
958,,312.5210434213666,16.5535,0.1254,1.07
959,,311.6025017546999,51.2053,0.2663,1.07
960,,311.6025017546999,271.6737,0.8098,1.07
964,,375.0,102.09,0.4048,0.87
965,,313.321964869454,157.54,0.59,10.22
966,,291.9027012395284,2372.0,3.41,1.11
967,,990.0,3.38773,0.04,0.84
968,,311.6025017546999,621.62,1.44,1.11
969,,313.321964869454,330.0,1.074,4.17
970,,313.321964869454,810.2,1.955,4.17
971,,313.321964869454,89.9,0.452,4.17
973,,312.408714869454,18.1991,0.1508,1.97
974,,312.408714869454,388.0,1.1,1.44
975,,313.321964869454,551.40002,1.6,5.39
976,,313.321964869454,916.0,2.24,5.29
977,,312.408714869454,1049.0,2.07,1.38
978,,312.408714869454,214.67,0.7181,1.38
979,,312.408714869454,117.87,0.4817,1.38
980,,312.408714869454,49.175,0.2687,1.38
981,,312.408714869454,676.8,1.543,1.38
982,,253.62312354589253,5700.0,6.36,1.38
983,,312.408714869454,82.467,0.389,1.76
984,,313.321964869454,273.1,0.98,10.86
985,,311.6025017546999,62.25,0.295,0.87
986,,311.6025017546999,154.378,0.53364,0.95
987,,311.6025017546999,885.5,1.71,0.95
988,,308.4847993737476,1862.0,2.807,0.95
989,,311.6025017546999,55.01292,0.277,0.91
990,,286.81217689404724,2720.0,3.74,0.91
991,,311.6025017546999,1211.0,2.108,0.83
992,,312.408714869454,363.20001,1.02,1.49
993,,314.2405065361207,14.30990015,0.114551,2.86
994,,297.12918905504586,2127.60565656,3.224617,2.86
995,,312.408714869454,685.25,1.623,2.03
996,,294.54019635876216,2088.75851193,3.309065,1.19
997,,327.4718412843215,5.6368,0.056,0.78
998,,312.0994272597504,14.03,0.103,0.78
999,,311.18088559308376,33.91,0.185,0.78
1000,,330.08354950974024,3.2498,0.041,0.74
1001,,910.0,4.3123,0.0468,0.72
1002,,696.0,9.6184,0.0799,0.72
1003,,541.0,20.432,0.1321,0.72
1004,,398.0,51.76,0.247,0.72
1005,,255.0,197.8,0.6,0.72
1006,,313.321964869454,578.6,1.4,8.56
1007,,311.6025017546999,264.14999,0.85,1.21
1008,,,963.0,,0.85
1009,,,1.3283,,1.04
1010,,311.6025017546999,526.5239037,1.28031,1.08
1011,,311.6025017546999,857.5,1.67,0.82
1012,,312.408714869454,431.88,1.17,1.42
1013,,251.8548457681148,6700.0,6.95,1.5
1014,,311.6025017546999,832.97,1.662,0.85
1016,,312.5210434213666,15.56,0.12,1.02
1017,,313.321964869454,356.21,1.157,5.14
1018,,311.6025017546999,308.92072284,0.881867,1.0
1019,,232.64006476336507,9295.97349931,8.556456,1.0
1020,,312.408714869454,36.9987,0.238,1.6
1021,,312.408714869454,472.3,1.19,1.32
1022,,327.8934574459376,5.8854,0.0644,1.08
1023,,312.5210434213666,13.1354,0.11,1.08
1024,,312.408714869454,963.6,1.92,1.26
1025,,311.6025017546999,225.79,0.6793,0.89
1026,,311.6025017546999,345.43,0.902,0.89
1027,,311.6025017546999,44.073,0.237,0.94
1028,,230.68696194951227,20324.5815254,15.443431,1.28
1029,,331.0546353683261,3.023573,0.0398,0.91
1030,,329.3390783609703,4.0845,0.05,1.08
1031,,308.4847993737476,1353.6,2.395,1.08
1032,,313.321964869454,360.2,1.19,5.4
1033,,270.43379314758363,2732.0,4.6,5.4
1034,,313.321964869454,359.15,1.28,6.2
1035,,313.321964869454,682.85,1.97,6.2
1036,,313.321964869454,712.13,1.93,23.47
1037,,313.321964869454,434.0,1.14,42.4
1038,,312.408714869454,778.51,1.814,1.9
1039,,313.321964869454,400.5,1.167,5.01
1040,,327.8934574459376,4.94737,0.06,1.02
1041,,286.0165332266946,2447.1,3.833,1.35
1042,,231.85196952526985,8619.9,9.02,1.42
1043,,308.4847993737476,1293.0,2.353,1.02
1044,,312.5210434213666,14.0726,0.1059,0.92
1045,,311.6025017546999,95.9446,0.3809,0.92
1046,,405.0,119.27,0.52,1.32
1048,,311.6025017546999,40.87,0.2416,1.19
1049,,313.321964869454,637.1,1.57,4.06
1050,,313.321964869454,872.2,1.93,4.06
1051,,298.2390653155501,1827.0,3.18,1.52
1052,,313.321964869454,139.35,0.53,9.09
1053,,313.321964869454,779.9,1.911,5.14
1054,,311.6025017546999,492.3,1.2,1.01
1056,,253.62312354589253,5859.089924,6.431189,1.78
1057,,313.321964869454,177.11,0.64,10.64
1058,,313.321964869454,299.36,1.086,13.2
1059,,313.321964869454,495.4,1.5,27.0
1060,,313.321964869454,201.9,0.77,2.57
1061,,313.321964869454,600.1,1.6,2.57
1062,,230.68696194951227,27399.80246717,18.992328,1.44
1063,,230.68696194951227,74839.94554588,36.876426,1.44
1064,,313.321964869454,589.64,1.64,8.9
1065,,230.96096194951224,14306.8851878,11.786592,1.23
1068,,330.08354950974024,2.81805,0.04,0.77
1069,,311.6025017546999,358.0,0.94,0.83
1072,,311.6025017546999,45.791,0.246,0.88
1073,,313.321964869454,623.0,1.51,5.44
1074,,311.6025017546999,21.998,0.14,1.12
1075,,311.6025017546999,577.6,1.301,0.88
1076,,257.0675414743693,5370.0,5.75,0.89
1077,,313.321964869454,480.5,1.2,21.4
1078,,291.9027012395284,2269.81725722,3.39291,1.13
1079,,231.2278028586032,10478.84436542,9.418207,1.17
1080,,312.408714869454,352.2,1.08,1.55
1081,,286.0165332266946,2374.0,3.86,1.55
1082,,291.9027012395284,2496.0,3.55,0.95
1083,,311.6025017546999,1103.0,2.18,1.02
1084,,326.5452965263974,6.27711,0.07,1.19
1085,,230.96096194951224,16000.0,13.2,1.26
1086,,309.2910124885017,1193.3,2.482,7.72
1087,,312.93778060523533,8.667,0.0785,0.89
1088,,311.6025017546999,31.56,0.186,0.89
1089,,311.6025017546999,197.0,0.63,0.89
1090,,311.6025017546999,851.8,1.76,0.98
1091,,294.54019635876216,2124.54,3.318,0.98
1092,,311.6025017546999,615.0,1.36,0.97
1093,,313.321964869454,858.0,1.88,4.96
1094,,269.78973680955545,3549.39853518,4.689125,1.46
1095,,230.68696194951227,18207.72098165,13.940621,1.46
1096,,311.6025017546999,39.44603442,0.227825,1.22
1097,,311.6025017546999,1257.99159045,2.227469,0.91
1098,,230.96096194951224,17071.78044733,12.621165,0.96
1099,,312.408714869454,188.3,0.65,1.53
1100,,312.408714869454,379.1,1.03,1.53
1101,,303.5126740776908,1750.0,2.99,2.58
1104,,312.408714869454,51.63563941,0.280148,1.51
1105,,288.2160072296027,2448.48726302,3.676463,1.51
1106,,308.4847993737476,1270.55194905,2.43855,0.97
1107,,1260.0,3.50927,0.05,1.23
1108,,313.321964869454,341.2,1.032,3.4
1109,,232.64006476336507,7900.0,8.4,3.4
1110,,312.408714869454,422.9,1.191,1.58
1111,,331.8608484830802,3.97097,0.05,1.37
1112,,313.321964869454,415.4,1.149,7.47
1113,,327.8934574459376,5.7361,0.06,0.97
1114,,313.321964869454,273.1,0.9,11.06
1118,,305.07824985182555,1807.0,2.98,1.05
1119,,405.0,111.4367,0.4565,1.04
1121,,313.321964869454,136.75,0.68,12.0
1122,,313.321964869454,385.2,1.18,11.22
1123,,309.2910124885017,1276.46,2.51329,1.56
1124,,312.408714869454,241.258,0.827774,1.56
1125,,328.69967056069174,4.617033,0.059222,1.56
1126,,313.321964869454,305.5,1.17,26.8
1127,,311.6025017546999,49.41,0.243,0.83
1128,,311.6025017546999,20.0,0.133,0.83
1129,,311.6025017546999,636.13,1.334,0.83
1130,,311.6025017546999,162.87,0.538,0.83
1131,,331.8608484830802,3.3124568,0.049,1.43
1134,,270.43379314758363,3117.0,4.43,1.26
1135,,,124.64,,1.19
1137,,285.6145332266946,1630.0,3.9,14.1
1138,,313.321964869454,187.83,0.83,10.5
1139,,313.321964869454,277.02,1.1,12.3
1140,,254.344662007431,3184.83,5.931,14.6
1141,,313.321964869454,530.21,1.79,14.6
1142,,313.321964869454,417.0,1.25,5.81
1143,,,3165.0796094172,242.4,5.6
1144,,313.321964869454,357.8,1.1,11.4
1145,,309.2910124885017,1247.9,2.76,4.71
1146,,1900.0,3165.0796094172,55.0,2.31
1147,,230.68696194951227,25000.0,19.4,11.79
1148,,313.321964869454,510.8544,1.453,11.79
1149,,313.321964869454,428.5,1.19,31.88
1150,,313.321964869454,555.1,1.32,11.2
1151,,313.321964869454,964.6,2.17,11.1
1152,,313.321964869454,415.2,1.24,11.1
1153,,313.321964869454,903.3,2.05,4.9
1154,,313.321964869454,594.9,1.93,13.7
1155,,230.53934578789608,16510.0,11.55,0.78
1156,,290.9316153809425,2671.0,3.53,0.76
1157,,313.321964869454,417.9,1.3,21.0
1158,,313.321964869454,522.3,1.4,38.3
1159,,309.2910124885017,1192.77951035,2.680483,2.01
1160,,1612.0,8617.50951973,10.019926,1.54
1161,,313.321964869454,605.2,1.7,47.2
1162,,,1790000.0,556.0,4.054370590975172
1163,,313.321964869454,628.96,1.46,45.1
1164,,313.321964869454,380.8,1.2,13.9
1168,,,3165.0796094172,115.0,1.19
1174,,311.6025017546999,120.8,0.4756,1.02
1175,,311.6025017546999,18.157,0.13,1.0
1186,,1500.0,3.352057,0.047,1.15
1187,,450.0,1023.0237537499988,8.0,0.09
1189,,340.0,3165.0796094172,2500.0,1.3837764189080737
1195,,344.04616875091665,2.00839,0.0335,1.35
1201,,1120.0,3.3564227,0.0427,0.88
1210,,258.25076788946365,4323.0,5.28,0.99
1217,,1926.0,2.13775,0.03443,1.42
1221,,1387.0,3.7130203,0.04853,1.22
1224,,1490.0,5.0843,0.06206,1.79
1225,,1003.0,4.61442,0.05179,0.88
1240,,286.81217689404724,2840.0,3.73,0.8
1242,,1315.0,1.7497798,0.0272,0.79
1249,,247.0,588.8,1.393,1.14
1256,,241.0,421.0,1.07,0.87
1260,,1250.0,6.87188,0.07522,1.52
1282,,3353.0,2.724033,0.05053,2.36
1285,,1160.0,9.38755,0.0904,1.5
1291,,343.23995563616256,2.1558,0.035,1.23
1316,,1193.0,3.951623,0.0499,1.1
1322,,590.0,34.524,0.2044,0.91
1335,,1790.0,2.176423,0.0345,1.44
1343,,,7.63,,1.27
1355,,,3.77840121,,0.86
1357,,,1088.0,,0.67
1362,,2508.0,0.925542,0.01985,1.44
1367,,,3165.0796094172,102.0,1.0771314953294928
1368,,328.69967056069174,4.927,0.057,2.0
1373,,298.275898300617,1170.0,1.7,0.23
1374,,,1916.25,2.8,1.3983298169746825
1375,,,5840.0,5.9,1.3983298169746825
1376,,2270.0,3165.0796094172,2880.0,0.71
1377,,2240.0,3165.0796094172,3500.0,0.67
1378,,,3165.0796094172,670.0,0.35
1379,,,378.9999783459997,4.18,1.56110857430644
1387,,1240.0,3165.0796094172,320.0,0.95
1388,,,3165.0796094172,162.0,0.95
1389,,313.321964869454,101.54,0.422,16.21
1390,,1350.0,26.468,0.21,6.26
1391,,313.321964869454,562.0,1.414,5.9
1392,,305.2689554139634,691.9,1.22,0.5
1393,,313.321964869454,559.3,1.37,6.85
1394,,313.321964869454,198.4,0.69,6.85
1395,,313.321964869454,193.2,0.66,9.99
1406,,312.1110434213666,10.15643,0.0847,1.02
1435,,311.6025017546999,77.23,0.3274,0.85
1436,,311.6025017546999,25.62,0.1569,0.85
1451,,,61.3,,0.68
1452,,,26.233,,0.68
1453,,,6.6356,,0.68
1468,,867.0,4.8494,0.052,0.73
1526,,311.18088559308376,24.6744,0.15544,0.79
1555,,521.0,15.231915,0.1039,0.65
1559,,1040.0,1.914558,0.02607,0.65
1563,,831.0,2.38839,0.0291,0.55
1569,,,389.2,,0.82
1576,,,502.0,,1.07
1588,,,16.066,,0.91
1599,,,443.0,,1.01
1602,,697.0,8.689,0.0783,0.79
1624,,,39.5387,,0.97
1629,,,4.17278,,0.97
1640,,312.408714869454,200.452,0.90281,1.38
1641,,,70.04139053986407,0.94,1.42
1642,,312.1110434213666,10.79,0.0968,1.17
1643,,329.3390783609703,4.2,0.055,1.18
1644,,346.61127604831694,1.796,0.03,1.45
1645,,,,,1.1
1646,,297.86589830061695,10.77,0.05366,0.21
1647,,,3165.0796094172,1100.0,0.56
1649,,249.08704189148864,4343.5,5.3,0.19
1650,,1975.0,3165.0796094172,157.0,1.34
1651,,,3165.0796094172,210.0,1.07
1659,,1344.0,1.33711647,0.02153,0.78
1663,,257.0675414743693,4850.0,5.5,0.83
1664,,343.23995563616256,2.1461,0.03176,0.83
1665,,327.8934574459376,4.4264,0.06,1.15
1666,,,0.322964,0.0102,1.7912857239746658
1667,,,0.09070629,0.0044,1.7912857239746658
1668,,,3165.0796094172,23.0,1.7912857239746658
1669,,,98.2114,0.46,1.7912857239746658
1670,,,66.5419,0.36,1.7912857239746658
1671,,,25.262,0.19,1.7912857239746658
1672,,,10140.0,10.26,1.8040684205939013
1673,,325.78846704856545,3.1606296,0.03734,0.59
1675,,481.0,138.317,0.652,1.73
1676,,995.0,3165.0796094172,34.0,1.06
1677,,1204.0,43500.0,20.0,1.26
1678,,2175.0,7300000.0,243.0,0.23
1680,,2212.0,1.2119189,0.02383,1.74
1681,,1686.0,3.67724,0.051,1.64
1682,,1550.0,3.9791,0.051,1.14
1683,,2013.0,1.689868,0.03035,1.32
1684,,1342.0,1.4324752,0.02289,0.77
1685,,1019.0,4.0144463,0.0473,0.83
1686,,1702.0,3.101278,0.0434,1.17
1687,,,224.70208931179528,2.7,1.3983298169746825
1688,,,266.93813298400084,3.2,1.3399647908428982
1689,,,335.07737288583286,3.4,1.3418106625485904
1690,,,145.74401908148187,1.9,1.3210803630343877
1691,,,272.201594389662,2.65,1.5519125278006964
1692,,,240.17094871891604,2.77,1.7134801390550474
1693,,,275.449389643167,3.29,1.7134801390550474
1694,,,168.34001459067196,2.18,1.3157717778903422
1695,,,90.96744438971716,1.23,1.277608254720359
1696,,,218.2768802084591,2.8,1.3399647908428982
1697,,,218.2768802084591,2.8,1.3157717778903422
1698,,,275.449389643167,3.3,1.3157717778903422
1699,,,384.89977361499984,4.51,1.7390113542262395
1700,,,118.97319265333428,1.54,1.2982045557749844
1701,,,63.24158689942958,0.8,1.2351186319087528
1702,,,134.06165454181053,1.8,1.2351186319087528
1703,,,140.10154661755848,2.0,1.319463034345489
1704,,,300.4240847825593,3.59,1.3210803630343877
1705,,,5480.0,5.0,1.7374963883538015
1706,,,50.65168065601856,0.63,1.105189518877904
1707,,,68.6147552399993,0.97,1.2731675773302211
1708,,,224.70208931179528,2.72,1.277608254720359
1709,,,83.53937691936511,1.064,1.2527490316615546
1710,,,176.56875387750543,2.2,1.319463034345489
1711,,,221.05295606399625,3.0,1.3837764189080737
1712,,,134.06165454181053,1.8,1.0771314953294928
1713,,,143.52330537056227,1.75,1.2982045557749844
1714,,,209.3349277661528,2.41,1.319463034345489
1715,,,49.03113611068885,0.59,1.0753478573127595
1716,,,85.2556586812277,1.18,1.2731675773302211
1717,,,225.04501157457955,3.04,1.56110857430644
1718,,,75.01773887466425,1.02,1.254630593299689
1719,,,222.47932001079528,2.73,1.319463034345489
1720,,,332.8718687936674,3.92,1.3399647908428982
1721,,,366.2200624550002,4.06,1.3983298169746825
1722,,,134.06165454181053,1.8,1.2527490316615546
1723,,,297.54093988358284,3.5,1.3399647908428982
1724,,,208.87851112875703,2.424,1.277608254720359
1725,,,332.8718687936674,3.913,1.3041010808702185
1726,,,335.07737288583286,3.4,1.0771314953294928
1727,,,80.56325229474521,1.16,1.0771314953294928
1728,,,1220.0,2.17,1.6378904901651026
1729,,,136.88363163297765,2.13,1.319463034345489
1730,,,156.67325744112287,1.7,1.2889341944553474
1731,,,604.8797185849995,6.4,1.4384336011675645
1732,,,431.7265935050005,5.4,1.105189518877904
1733,,,65.81230963589897,0.85,1.0771314953294928
1734,,,272.4647131585786,2.62,1.3399647908428982
1735,,,156.62138272234563,2.07,1.2927866997940365
1736,,,224.70208931179528,2.7,1.2982045557749844
1737,,,129.56369782017953,1.6,1.2889341944553474
1738,,,57.413887641270094,0.73,1.0771314953294928
1739,,,143.52330537056227,1.75,1.3210803630343877
1740,,,156.67325744112287,1.7,1.3041010808702185
1741,,,124.31820197713496,1.5,1.3041010808702185
1742,,,384.89977361499984,4.53,1.4384336011675645
1743,,,297.54093988358284,3.49,1.3210803630343877
1744,,,252.0014448446296,3.11,1.4384336011675645
1745,,,134.06165454181053,1.8,1.2927866997940365
1746,,,272.4647131585786,2.6,1.319463034345489
1747,,,38.5829683464108,0.39,1.287498303582474
1748,,,54.096961556938375,0.702,1.0771314953294928
1749,,,316.1705542759765,3.6,1.3210803630343877
1750,,,63.24158689942958,0.8,1.0771314953294928
1751,,,272.4647131585786,2.6,1.3399647908428982
1752,,,384.89977361499984,4.43,1.3041010808702185
1753,,,129.56369782017953,1.6,1.287498303582474
1754,,,53.96059364248506,0.74,1.2927866997940365
1755,,,309.4318276658325,3.45,1.319463034345489
1756,,,66.22788049398379,0.87,1.0753478573127595
1757,,,428.5852600250008,4.8,1.7390113542262395
1758,,,365.08800154700015,4.0,1.7390113542262395
1759,,,145.39493831306513,1.89,1.254630593299689
1760,,,224.70208931179528,2.72,1.277608254720359
1761,,,1023.0237537499988,8.0,1.3157717778903422
1762,,,156.67325744112287,1.7,1.2982045557749844
1763,,,1913.9498069838028,15.0,1.4384336011675645
1764,,,218.2768802084591,2.8,1.392318060721828
1765,,,2557.0,2.59,1.3157717778903422
1766,,,144.18725964442214,2.17,1.2960711271637302
1767,,59.0,4927.5,4.5,1.3210803630343877
1768,,82.0,1788.5,2.3,1.3210803630343877
1769,,50.0,3285.0,2.6,1.254630593299689
1770,,,297.54093988358284,3.5,1.3983298169746825
1771,,55.0,316.1705542759765,3.6,1.319463034345489
1772,,,378.9999783459997,4.3,1.3837764189080737
1773,,,8799.0,,0.15
1774,,284.2358707104376,3160.0,3.3,0.15
1775,,287.42050091144574,3225.0,3.12,0.19
1776,,,2883.5,3.43,1.3210803630343877
1777,,,5573.55,5.35,1.3210803630343877
1784,,1101.0,2.823093,0.0388,0.86
1786,,1327.0,4.0764326,0.0504,1.24
1787,,1357.0,1.5433897,0.0236,0.86
1794,,1143.0,3.5357173,0.0403,0.84
1798,,1332.0,0.7668944,0.0143,0.7
1800,,,4.087,,1.22
1801,,,5.118,,0.89
1802,,,6.959,,0.99
1803,,,511.21,,21.02
1804,,313.321964869454,121.71,0.53,39.59
1805,,,760.0,1.613,2.074067833966645
1806,,,41.78490012891614,0.48,1.0753478573127595
1807,,,1061.0798472499985,8.3,1.5066727168547864
1808,,,94.46394688034768,1.11,1.2731675773302211
1809,,,,,1.6827548359296196
1810,,,49.07646890744023,0.95,1.1666362862446005
1811,,,109.98214072928432,1.39,1.287498303582474
1812,,,28.739878045349528,0.24,1.074082728040192
1813,,,71.18906767809712,0.93,1.0753478573127595
1814,,,224.57655654957955,3.03,1.6378904901651026
1815,,,65.01730983232393,0.9,1.0771314953294928
1816,,,1240.0036927282997,10.2,1.3210803630343877
1817,,,378.9999783459997,4.3,1.3041010808702185
1818,,,3000.0,1.1,1.6389446568317694
1819,,,52.16446505836693,0.69,1.1666362862446005
1820,,,49.07646890744023,0.95,1.0771314953294928
1821,,,378.9806041760001,4.14,1.5066727168547864
1822,,,140.10154661755848,2.0,1.3983298169746825
1823,,,138.2386975317818,1.72,1.2351186319087528
1824,,,68.77462456378464,0.92,1.0771314953294928
1825,,,204.5806112899837,2.42,1.3399647908428982
1826,,,93.63394025779074,1.21,1.2351186319087528
1827,,,1980.0,1.8,1.2527490316615546
1828,,,167.64796841351298,2.03,1.3210803630343877
1829,,,2800.0,3.2,1.3399647908428982
1830,,,224.70208931179528,2.7,1.3399647908428982
1831,,,83.16148658950604,1.1,1.254630593299689
1832,,34.0,564.101554224999,5.9,1.3983298169746825
1833,,,49.65197718060255,0.62,1.0771314953294928
1836,,331.0546353683261,3.91405,0.0464,0.82
1837,,,3165.0796094172,18.6,1.61
1838,,,1874.917340983803,14.7,1.61
1844,,305.84208041396346,14.4399,0.0876,0.43
1857,,342.0,12.796,0.0717,0.3
1861,,330.0,8.781,0.048,0.27
1896,,,789.0,,0.98
1934,,,820.3,,0.76
1947,,,1460.0,,0.92
1986,,709.0,14.44912,288.6525,1.29
2011,,,1403.0,,0.9
2085,,311.6025017546999,75.732,0.3395,0.9
2114,,418.0,14.64558,288.6525,0.68
2147,,2250.0,0.35500744,227.9603571428572,0.75
2193,,253.62312354589253,6383.7835217,6.497354,0.81
2194,,231.2278028586032,10839.83340606,9.88693,1.65
2195,,311.6025017546999,1005.98853873,1.988479,0.91
2196,,313.321964869454,184.02,0.81,13.0
2197,,297.12918905504586,1021.20159246,3.233953,83.8
2198,,309.2910124885017,622.97801866,2.324089,109.46
2199,,313.321964869454,705.0,1.58,5.26
2200,,311.6025017546999,441.47,1.18306,1.18
2201,,311.6025017546999,220.078,0.74345,1.18
2202,,311.18088559308376,158.991,0.533,0.78
2203,,331.0546353683261,2.985628,0.0406,0.94
2204,,234.9726339255754,8241.0,8.0,0.94
2205,,308.4847993737476,1313.0,2.45,1.19
2206,,311.6025017546999,799.52,1.373,0.8
2207,,298.0,58.43,0.26,0.71
2208,,312.408714869454,227.0,0.76,1.38
2209,,230.2653457878961,25775.78858607,16.107189,0.78
2210,,344.04616875091665,2.1378431,0.0346,1.46
2211,,176.0,1628.0,2.73,1.05
2213,,309.2910124885017,1488.79122664,2.762119,1.88
2214,,305.8844629665797,1644.6909652,2.965265,1.5
2215,,309.2910124885017,1270.0,2.72,8.8
2216,,313.3272565361207,13.481,0.117,1.55
2217,,279.75316841857875,3309.22117629,4.051612,0.8
2218,,230.68696194951227,18538.79292976,13.912743,1.03
2219,,331.8608484830802,3.414884,0.0479,2.2
2220,,294.54019635876216,2166.0,3.27,1.1
2222,,312.408714869454,256.78,0.917,2.13
2223,,311.6025017546999,49.77,0.25,0.92
2224,,312.408714869454,1179.0,2.2,1.67
2225,,311.6025017546999,325.803,0.97,1.14
2226,,230.82371194951224,11611.2975,10.5,1.14
2227,,311.6025017546999,143.58,0.477,0.85
2228,,339.4319337847018,2.45946479,0.034915,0.91
2229,,230.82371194951224,14010.29409878,11.342789,0.91
2230,,315.1849037876085,7.3426,0.0756,1.18
2231,,312.5210434213666,13.18,0.112,1.18
2232,,311.6025017546999,45.85,0.2565,1.18
2235,,311.6025017546999,30.052,0.189,1.0
2236,,311.6025017546999,192.9,0.654,1.0
2237,,309.2910124885017,1576.0,2.74,4.2
2238,,1000.0,3165.0796094172,55.7,1.49
2239,,313.321964869454,464.4,1.36,5.08
2240,,295.34640947351625,1785.0,3.33,5.08
2241,,313.321964869454,482.0,1.28,41.01
2244,,299.1428831254756,2946.0,2.94,0.37
2245,,258.25076788946365,4375.0,5.15,0.84
2246,,313.321964869454,362.5,1.11,4.75
2247,,313.321964869454,647.29999,1.42,51.1
2248,,312.408714869454,498.04,1.332,1.94
2249,,314.4768431815479,8.1245,0.0777,1.16
2250,,311.6025017546999,19.88,0.141,1.16
2251,,311.6025017546999,103.5,0.424,1.16
2252,,313.321964869454,514.0,1.24,7.43
2253,,251.8548457681148,6449.08337344,6.91483,1.26
2254,,,3165.0796094172,130.0,2.25
2256,,313.321964869454,433.8,1.26,4.6
2257,,254.344662007431,5697.30430313,6.29367,1.01
2258,,311.6025017546999,968.8,1.864,0.93
2259,,311.6025017546999,439.29999,1.11,0.98
2260,,313.321964869454,310.4,1.08,11.21
2261,,311.6025017546999,17.0431,0.12,0.83
2262,,313.321964869454,841.0,1.98,5.52
2263,,,1278.0,,5.4
2264,,313.321964869454,184.2,0.81,10.31
2265,,305.2689554139634,55.199,0.243,0.51
2266,,313.321964869454,144.3,0.72,11.6
2267,,311.6025017546999,499.48,1.134,0.83
2268,,311.6025017546999,232.08,0.706,0.97
2269,,305.8844629665797,1481.6,2.84,5.27
2270,,690.0,9.1205,0.0906,0.72
2271,,307.44154956980753,57.435,0.25,0.65
2272,,325.8457409708419,6.673892,0.0696,1.07
2273,,311.6025017546999,147.747,0.549,1.07
2274,,311.6025017546999,981.8,1.94,1.07
2275,,310.6314158961141,50.65905263,0.234337,0.77
2276,,229.9898760909264,17128.35283777,11.460432,0.77
2277,,1300.0,22000.0,17.0,1.59
2278,,307.08153874729675,159.986,0.492,0.62
2279,,310.6314158961141,41.516,0.217,0.77
2280,,228.908238728289,26125.56497309,16.015432,0.7
2281,,307.08153874729675,60.722,0.256,0.63
2282,,283.68731668481206,3477.768,3.805,0.63
2285,,,1114.0,,1.34
2286,,,131.0,,1.34
2287,,,1084.0,,1.34
2288,,305.2689554139634,34.15,0.176,0.6
2289,,305.2689554139634,17.818,0.112,0.6
2290,,310.6314158961141,345.72,0.89,0.75
2291,,243.7664879740596,9017.76,7.7,0.75
2292,,308.670306644733,7.76,0.063,0.56
2293,,306.18749708063007,15.144,0.099,0.56
2294,,257.2401696682404,5138.43726957,5.055931,0.72
2295,,270.43379314758363,2675.57602947,4.550828,4.93
2296,,314.0552270199317,8.1352,0.07,0.78
2297,,309.1427162364742,32.03,0.178,0.68
2298,,309.1427162364742,431.7,1.01,0.68
2299,,310.6314158961141,30.014,0.17,0.75
2300,,313.321964869454,124.6,0.565,10.28
2302,,311.6025017546999,28.125,0.177,0.95
2303,,311.6025017546999,67.3,0.316,0.95
2304,,1500.0,3165.0796094172,92.0,1.77
2305,,309.2910124885017,1079.55726024,2.79266,8.93
2306,,1174.0,6.959503,288.6525,1.38
2307,,269.78973680955545,2523.64713301,4.818835,8.69
2308,,313.321964869454,88.87622241,0.482387,5.87
2309,,254.344662007431,3923.66089514,6.032077,5.87
2310,,227.865738728289,17337.5,20.25,0.63
2311,,309.1427162364742,87.19,0.335,0.68
2312,,313.321964869454,822.3,2.1,5.77
2313,,2300.0,47000.0,30.0,1.65
2314,,313.321964869454,926.4,2.02,4.53
2315,,2700.0,3165.0796094172,740.0,2.11
2316,,2450.0,3165.0796094172,345.0,2.3863650397655944
2317,,305.2689554139634,111.7,0.36,0.48
2318,,287.6183900088014,1852.14387204,3.736626,7.83
2319,,,2.224,0.031,1.5519125278006964
2320,,313.321964869454,455.738155,1.359652,3.94
2321,,327.8934574459376,5.0505,0.06,0.89
2323,,228.908238728289,24955.45756484,14.91853,0.69
2325,,642.0,16.84,0.124,0.84
2326,,309.2910124885017,1062.26505974,2.490819,5.34
2327,,,3165.0796094172,773.0,1.01
2328,,1200.0,3165.0796094172,20.3,1.47
2329,,171.0,27000.0,18.0,1.53
2330,,311.6025017546999,302.79999,0.92,1.13
2334,,1200.0,170000.0,68.0,1.49
2335,,1200.0,69000.0,38.0,1.49
2336,,1300.0,37000.0,24.0,1.49
2337,,1150.0,20815.6,16.4,1.49
2338,,,2390.0,3.6,1.6378904901651026
2339,,,4368.0,5.4,1.6378904901651026
2340,,313.321964869454,734.0,2.038,10.27
2343,,618.0,14.6762429,0.1124,0.76
2344,,,9.915615,,0.71
2347,,1649.0,3.313959,0.0475,1.81
2350,,575.0,13.86387,0.1027,0.71
2351,,1309.0,5.3518,0.057,1.25
2352,,313.3272565361207,15.6785,0.1166,1.25
2376,,325.78846704856545,3.07133,0.03194,0.46
2377,,322.62728912617695,4.86784,0.04341,0.46
2378,,305.7774970806301,11.02454,0.07487,0.46
2380,,553.0,7.975292,288.6525,0.66
2382,,373.0,25.575065,288.6525,0.66
2383,,1471.0,0.179719,0.0058,0.29
2390,,524.0,28.380619,0.1796,0.88
2393,,2039.0,0.2803244,0.00716,0.68
2394,,,7.7485,,0.68
2396,,321.5899476929334,4.00498,0.0327,0.33
2412,,1347.0,0.813143,0.0149,0.62
2413,,,0.365261,,0.88
2414,,794.0,10.06049,0.0887,0.95
2415,,948.0,5.90279,0.0622,0.95
2416,,684.0,12.42205,0.1013,0.83
2419,,,3.705871,,0.91
2420,,,9.283188,,2.57
2421,,631.0,9.45889,0.0795,0.69
2422,,,6.673117,,0.76
2423,,,17.355066,,2.2
2424,,,2.354992,,0.8
2425,,,4.382745,,0.8
2427,,1140.0,8.52695,0.0858,1.61
2429,,331.0,19.660302,0.11283,0.47
2430,,341.05939104965904,2.369172,0.03376,0.98
2434,,,14.316941,,0.87
2435,,,29.62682,,0.87
2436,,,5.868699,,0.84
2438,,,9.525988,,1.42
2439,,,5.329439,,0.86
2440,,,14.155185,,1.21
2441,,,8.747818,,0.89
2442,,,5.172191,,0.77
2444,,363.0,8.962,0.06,0.41
2446,,962.0,6.894256,0.0706,1.07
2448,,,0.469285,,0.87
2449,,787.0,10.787992,0.0932,0.87
2450,,615.0,22.620344,0.1527,0.87
2451,,533.0,16.9780102,0.1685,0.75
2452,,809.0,10.616384,288.6525,0.94
2453,,477.0,52.713494,4535.11,0.94
2454,,,41.474219,,0.98
2455,,1815.0,0.77401,0.0164,0.83
2456,,1173.0,2.871512,0.0392,0.83
2457,,865.0,7.149584,0.072,0.83
2458,,698.0,13.606629,0.1106,0.83
2459,,1692.0,1.742169,0.0289,1.19
2461,,1197.0,2.588309,0.0361,0.87
2462,,872.0,6.679195,0.068,0.87
2466,,,10.098858,,0.91
2467,,,21.574023,,0.91
2468,,,2.858646,,0.84
2469,,939.0,4.162817,0.049,0.81
2470,,739.0,14.786889,0.1184,0.98
2471,,,39.721386,,1.28
2472,,720.0,15.852975,0.1208,0.99
2473,,,28.482786,,0.91
2474,,,48.324222,,1.54
2475,,848.0,8.357881,0.0806,0.93
2476,,716.0,17.0428683,288.6525,0.76
2477,,1230.0,3.3596055,288.6525,0.76
2478,,943.0,7.4500177,288.6525,0.76
2481,,,2.849883,,0.79
2482,,,1.05979,,0.88
2483,,,22.779878,,0.88
2484,,,3.405164,,0.91
2485,,,9.695101,,0.76
2486,,,7.055784,,1.18
2487,,,26.672263,,1.08
2488,,,18.294549,,0.76
2489,,,12.48749,,0.93
2490,,,4.190948,,0.86
2491,,,2.080615,,0.71
2494,,,0.57023,,0.89
2495,,,0.669532,,0.79
2497,,,8.13087,,1.2
2498,,1006.0,8.596802,0.0834,1.27
2499,,,8.269648,,0.97
2501,,,14.074524,,1.33
2502,,,8.679885,,1.01
2503,,,3.901287,,1.19
2504,,,6.66767,,1.19
2505,,,11.137278,,1.19
2507,,758.0,13.683256,0.1104,1.02
2508,,,2.399094,,0.95
2510,,2271.0,0.50557,0.0127,1.0
2511,,1091.0,4.562546,0.0549,1.0
2512,,1002.0,4.47904,0.0516,0.84
2513,,764.0,10.09489,0.0886,0.84
2514,,902.0,15.87209,0.134,1.7
2515,,1120.0,3.27108,0.0413,0.91
2516,,,13.621832,,0.89
2517,,914.0,2.69828,0.0338,0.65
2518,,1818.0,0.584216,0.0131,0.79
2519,,750.0,8.32727,0.0769,0.79
2520,,1529.0,2.86041,0.0409,1.39
2521,,,13.841901,,0.95
2528,,502.0,5.24,0.0441,0.36
2529,,427.0,7.775,0.0576,0.36
2530,,399.0,10.115,0.0685,0.36
2533,,586.0,6.034,0.0513,0.54
2534,,389.0,20.523,0.1159,0.54
2535,,507.0,26.8199,0.1567,0.75
2536,,416.0,6.51389,0.0494,0.37
2537,,1035.0,11.54182,0.1087,1.39
2538,,801.0,24.94598,0.1817,1.39
2539,,638.0,21.06884,0.1418,0.92
2540,,923.0,11.89307,0.0959,1.25
2541,,977.0,5.76918,0.0602,0.94
2542,,979.0,2.25021,0.0304,0.69
2543,,688.0,6.49424,0.0615,0.69
2544,,886.0,7.17256,0.0699,0.92
2545,,1061.0,12.409,0.1151,1.57
2547,,958.0,4.01457,0.0459,0.81
2548,,437.0,9.30075,0.0694,0.49
2549,,639.0,13.81513,0.1041,0.82
2551,,791.0,4.09639,0.0448,0.67
2552,,551.0,12.11839,0.0923,0.67
2553,,1034.0,1.96417,0.0274,0.69
2554,,845.0,5.52011,0.0578,0.78
2555,,789.0,1.60588,0.0216,0.5
2556,,831.0,19.0921,0.149,1.31
2557,,795.0,15.48043,0.1271,1.13
2561,,470.0,50.818947,0.2573,0.85
2562,,496.0,5.840002,0.05023,0.47
2564,,1136.0,2.151676,0.0308,0.78
2565,,696.0,9.327527,0.0819,0.78
2566,,888.0,4.528598,288.6525,0.78
2567,,801.0,6.131243,288.6525,0.78
2568,,492.0,26.27057,288.6525,0.78
2569,,1429.0,4.144965,0.0531,1.45
2571,,1203.0,1.543069,0.0247,0.77
2572,,848.0,4.400028,0.0497,0.77
2574,,747.0,14.4536756,0.1007,0.83
2575,,849.0,11.7195663,0.0729,0.85
2576,,655.0,14.1330314,0.0964,0.7
2579,,583.0,18.718269,0.1291,0.85
2581,,1711.0,3.334966,0.0488,1.61
2582,,879.0,7.122605,0.067,0.86
2584,,787.0,19.89526,0.1461,1.28
2585,,665.0,8.687721,0.0773,0.76
2586,,1057.0,4.169783,0.0499,1.0
2587,,1186.0,1.921036,0.0291,0.82
2593,,347.0,27.359,0.1768,0.62
2594,,804.0,14.893291,0.1206,1.07
2595,,226.0,31.393463,0.164,0.32
2596,,753.0,13.156969,0.107,1.02
2598,,1230.0,9.21165,0.0923,1.51
2599,,676.0,48.36685,0.305,1.51
2602,,750.0,13.1225,288.6525,0.95
2603,,1425.0,2.50387,288.6525,1.2
2612,,841.0,1.133,0.0147,0.38
2613,,423.0,5.26,0.0582,0.38
2614,,432.0,6.22,0.0542,0.38
2615,,456.0,7.01,0.0911,0.55
2616,,641.0,26.68,0.1516,0.9
2620,,1066.0,4.34934,0.04899,0.86
2621,,698.0,1.995,0.0142,0.3
2623,,635.0,8.205,0.0594,0.6
2624,,318.0,24.93,0.1275,0.55
2625,,707.0,3.262,0.0331,0.51
2626,,423.0,6.93,0.0419,0.3
2627,,1114.0,1.256,0.0198,0.69
2629,,850.0,5.424865,0.0409,1.05
2631,,909.0,9.398977,288.6525,1.06
2632,,673.0,22.996591,288.6525,1.06
2633,,266.0,17.70632,288.6525,0.28
2636,,949.0,12.283211,288.6525,1.33
2637,,569.0,21.194733,288.6525,0.8
2638,,850.0,16.273563,288.6525,1.32
2639,,783.0,3.850614,288.6525,0.63
2640,,508.0,19.507428,288.6525,0.72
2642,,606.0,29.740451,288.6525,1.13
2643,,598.0,36.552551,4535.11,1.16
2644,,861.0,11.561052,288.6525,1.09
2645,,653.0,2.787174,288.6525,0.46
2646,,465.0,7.676972,288.6525,0.46
2648,,437.0,10.367437,288.6525,0.52
2650,,640.0,7.187257,288.6525,0.63
2652,,655.0,12.550171,288.6525,0.85
2653,,518.0,9.032178,288.6525,0.49
2656,,1158.0,4.163873,288.6525,1.04
2657,,687.0,19.991944,288.6525,1.04
2658,,934.0,7.806164,288.6525,1.05
2659,,1160.0,3.665912,288.6525,0.95
2660,,885.0,8.234885,288.6525,0.95
2661,,727.0,14.871387,288.6525,0.95
2663,,543.0,3.793306,288.6525,0.41
2664,,1066.0,5.7385647,0.0632,0.92
2665,,624.0,21.0267366,0.1599,0.86
2666,,735.0,16.3488637,0.145,1.0
2667,,888.0,11.2510285,0.0863,0.91
2670,,,23.448172,,1.05
2671,,,15.937039,,0.94
2672,,,20.645099,,0.62
2673,,,5.025598,,0.66
2674,,,9.660186,,0.66
2675,,,20.201085,,0.66
2676,,,5.761612,,0.88
2682,,,9.844077,,0.92
2683,,,11.02066,,1.49
2684,,,4.521953,,0.91
2685,,,16.43445,,0.91
2686,,,14.453895,,1.54
2687,,,5.776475,,1.15
2688,,,12.832235,,0.69
2689,,,2.060438,,0.73
2690,,,8.777247,,0.75
2693,,,9.401312,,1.32
2694,,,7.9389334,,0.68
2695,,,16.034656,,0.68
2696,,,26.803023,,0.68
2697,,,21.700156,,0.81
2698,,,1.865962,,0.8
2699,,,2.231527,,0.35
2700,,,4.194766,,0.35
2701,,,6.679582,,0.35
2702,,,9.715043,,0.35
2703,,,13.62749,,0.35
2704,,,2.380867,,0.76
2705,,,7.473223,,0.97
2706,,,28.735327,,0.59
2707,,,6.339069,,0.9
2708,,,8.584043,,1.08
2709,,,20.851337,,1.08
2712,,,4.622654,,0.57
2713,,,15.398723,,1.06
2714,,,10.413181,,1.07
2715,,,5.095717,,0.63
2716,,,4.803352,,0.78
2717,,,8.491282,,0.78
2718,,,0.673862,,0.92
2719,,,25.76051,,0.92
2720,,,3.572326,,0.97
2721,,,6.393025,,1.24
2722,,,18.787839,,1.24
2725,,,3.865053,,0.38
2726,,,6.293099,,0.68
2727,,,17.27474,,1.28
2728,,,33.589979,,0.89
2729,,,13.115365,,0.55
2731,,,22.549406,,0.96
2732,,,4.941907,,0.93
2733,,,9.22453,,0.93
2734,,,20.978959,,0.78
2735,,,1.908084,,1.23
2744,,1094.0,2.198884,288.6525,0.54
2793,,,28.867253,,0.84
2808,,474.0,10.1346454,0.0525,0.4
2811,,1113.0,18.251985,0.1597,2.63
2830,,309.2910124885017,1276.0,2.39,1.53
2834,,,0.2197,,0.18
2835,,,0.32528,,0.18
2836,,,0.81161,,0.18
2837,,,2.073549,,1.57
2838,,,854.083,,1.01
2839,,258.25076788946365,3552.0,5.14,5.86
2840,,,1322.3,,1.01
2841,,311.6025017546999,237.68977,0.8,1.17
2843,,,1.701531,,0.89
2844,,,1320.1,,1.52
2845,,,840.0,,2.01
2846,,,3.294601,,2.23
2847,,,31.8099,,1.26
2848,,,75.2,,1.26
2850,,,176.56875387750543,2.2,1.3210803630343877
2851,,,206.43239130850708,2.44,1.3157717778903422
2852,,,33.07136620521648,0.342,1.0771314953294928
2853,,,423.0878817850005,5.1,1.319463034345489
2854,,,78.43462577646322,1.08,1.0753478573127595
2855,,,297.54093988358284,3.5,1.3210803630343877
2856,,,65.8354842782667,0.83,1.0771314953294928
2857,,,272.4647131585786,2.63,1.3210803630343877
2858,,,315.5878431829765,3.64,1.392318060721828
2859,,,52.50527648589138,0.681,1.0771314953294928
2860,,,309.4318276658325,3.45,1.5248091024217272
2861,,,134.64590503184397,1.81,1.2927866997940365
2862,,,176.65905443866387,2.34,1.3837764189080737
2863,,,90.91927704952516,1.38,1.2927866997940365
2864,,,134.06165454181053,1.8,1.2982045557749844
2865,,,129.56369782017953,1.6,1.2927866997940365
2866,,,129.85478530031943,1.78,1.3157717778903422
2867,,,136.9167928979776,2.14,1.319463034345489
2868,,,378.9999783459997,4.27,1.7609575528990822
2869,,,49.65197718060255,0.62,1.0771314953294928
2870,,,93.6712986270496,1.305,1.254630593299689
2871,,,564.101554224999,6.03,1.7390113542262395
2872,,,108.84670301423245,1.449,1.2527490316615546
2873,,,296.27313101008286,3.54,1.392318060721828
2874,,,252.0014448446296,3.09,1.319463034345489
2875,,,53.61734898490984,0.763,1.0771314953294928
2876,,,378.9999783459997,4.27,1.3983298169746825
2877,,,252.0014448446296,3.1,1.3983298169746825
2878,,,60.55005465143484,0.79,1.0771314953294928
2879,,,80.56325229474521,1.16,1.5066727168547864
2880,,,275.449389643167,3.31,1.5248091024217272
2881,,,83.16148658950604,1.1,1.287498303582474
2882,,,156.67325744112287,1.7,1.2889341944553474
2883,,,136.9167928979776,2.15,1.3210803630343877
2884,,,156.67325744112287,1.7,1.277608254720359
2885,,,272.4647131585786,2.6,1.5519125278006964
2886,,,275.449389643167,3.32,1.3418106625485904
2887,,,224.57655654957955,3.02,1.5066727168547864
2888,,,,,1.2889341944553474
2889,,,140.10154661755848,2.0,1.319463034345489
2890,,,91.89705491122275,1.26,1.277608254720359
2891,,,24.00873771010114,0.12,1.277608254720359
2892,,,243.42687540849653,2.92,1.3399647908428982
2893,,,297.54093988358284,3.5,1.5519125278006964
2894,,,118.51958469146484,1.62,1.277608254720359
2895,,,218.2768802084591,2.8,1.3399647908428982
2896,,,118.97319265333428,1.54,1.2927866997940365
2897,,,,,1.3837764189080737
2898,,,208.90292333875703,2.43,1.2960711271637302
2899,,,252.1994063446296,3.14,1.5519125278006964
2900,,,91.89705491122275,1.26,1.1666362862446005
2901,,,71.18906767809712,0.93,1.1666362862446005
2902,,,118.4742092981676,1.52,1.2731675773302211
2903,,,241.5141830717964,2.89,1.3399647908428982
2904,,,183.0642247385836,2.37,1.3157717778903422
2905,,,182.92993817846423,2.29,1.2982045557749844
2906,,,51.52712725525951,0.72,1.0771314953294928
2907,,,205.31402517252369,2.5,1.3399647908428982
2908,,,145.74401908148187,1.9,1.3210803630343877
2909,,,85.21082268775635,1.15,1.1666362862446005
2914,,311.6025017546999,22.26492,0.15525,0.9
2933,,506.70285106955583,0.240104,0.006,0.2
2934,,504.9292930481317,0.342887,0.0076,0.2
2942,,597.0,21.512,0.1467,0.82
2944,,301.7641187945838,121.54,0.311,0.29
3125,,312.408714869454,634.6,1.4,1.26
3161,,,258.8,,1.44
3288,,313.321964869454,1002.0,2.16,4.22
3321,,253.0,1000.0,2.42,0.95
3405,,,982.0,,0.89
3419,,311.6025017546999,187.366,0.6992,0.94
3420,,311.6025017546999,303.227,0.9638,0.94
3421,,311.6025017546999,49.4643,0.2877,0.94
3434,,455.0,57.011,0.2799,0.94
3438,,,523.9,,1.07
3440,,311.6025017546999,240.503,0.7903,0.83
3442,,,43.0,,0.2
3443,,,1460.0,,0.2
3450,,270.9961502904408,2500.0,4.2,1.4
3476,,,406.2,,4.06
3488,,311.6025017546999,223.3,0.73,0.94
3496,,312.408714869454,675.47,1.68,1.74
3508,,311.18088559308376,66.262,0.3553,0.78
3510,,503.0,31.509728,0.186,0.82
3518,,,3000.0,,1.01
3586,,475.0,105.599,0.4632,1.75
3609,,401.0,51.196,0.246,0.77
3662,,311.6025017546999,131.458,0.60347,1.03
3687,,311.6025017546999,288.822,1.0896,1.16
3836,,311.6025017546999,66.0634,0.33,1.0
3949,,,122.4,,1.32
4273,,280.2326684185788,2646.0,4.0,1.65
4558,,311.6025017546999,637.2093,1.24,0.91
4687,,307.44154956980753,228.776,0.7048,0.65
4690,,311.6025017546999,30.0,0.17,1.12
4750,,309.2910124885017,1107.5923,2.7205,1.79
4762,,302.7064609629367,1919.0,3.053,1.1
4827,,,11.28,,1.26
5073,,,28.731,,0.86
5074,,,62.95,,0.86
5179,,524.0,34.94,0.2055,0.96
